file,StreamVAE,ts_len,anomaly_len,num_anomaly,avg_anomaly_len,anomaly_ratio,point_anomaly,seq_anomaly
001_NAB_id_1_Facility_tr_1007_1st_2014.csv,0.8084623650811180,4031,343,3,114.333333333333,0.0850905482510543,0,1
002_NAB_id_2_WebService_tr_1500_1st_4106.csv,0.4490419238525400,6000,637,1,637.0,0.106166666666667,0,1
005_NAB_id_5_Traffic_tr_594_1st_1645.csv,0.0849419675159328,2379,238,1,238.0,0.100042034468264,0,1
006_NAB_id_6_Traffic_tr_2579_1st_5839.csv,0.6661449921482000,10319,1030,5,206.0,0.0998158736311658,0,1
008_NAB_id_8_Synthetic_tr_1007_1st_2734.csv,0.7838388148473190,4031,402,1,402.0,0.0997271148598362,0,1
009_NAB_id_9_Traffic_tr_500_1st_438.csv,0.5645146215255590,2161,216,1,216.0,0.0999537251272559,0,1
010_NAB_id_10_WebService_tr_500_1st_271.csv,0.2631650891128030,1000,148,3,49.33333333333330,0.148,0,1
011_NAB_id_11_Facility_tr_1007_1st_1526.csv,0.9311942447920120,4031,474,1,474.0,0.117588687670553,0,1
013_NAB_id_13_Traffic_tr_623_1st_2084.csv,0.98532024065531,2494,248,2,124.0,0.0994386527666399,0,1
014_NAB_id_14_WebService_tr_500_1st_1045.csv,0.8933188655323380,1537,152,1,152.0,0.0988939492517892,0,1
015_NAB_id_15_Synthetic_tr_1007_1st_2787.csv,0.4436623518477200,4031,513,1,513.0,0.127263706276358,0,1
016_NAB_id_16_Environment_tr_1816_1st_3540.csv,0.3564301575736080,7266,724,2,362.0,0.0996421690063308,0,1
017_NAB_id_17_Synthetic_tr_1007_1st_1805.csv,0.3544581843561030,4031,402,1,402.0,0.0997271148598362,0,1
018_NAB_id_18_Facility_tr_500_1st_669.csv,0.1338874576340650,1881,188,2,94.0,0.099946836788942,0,1
019_NAB_id_19_Facility_tr_1007_1st_1171.csv,0.185425755430562,4031,400,2,200.0,0.0992309600595385,0,1
020_NAB_id_20_Synthetic_tr_1007_1st_2679.csv,0.7614937787764170,4031,621,1,621.0,0.154056065492434,0,1
022_NAB_id_22_Facility_tr_1007_1st_2980.csv,0.514931129869001,4031,520,2,260.0,0.1290002480774,0,1
023_NAB_id_23_Facility_tr_4512_1st_16551.csv,0.8220542821045040,18049,1498,1,1498.0,0.0829962878829852,0,1
024_NAB_id_24_Synthetic_tr_1007_1st_2787.csv,0.581429964156843,4031,513,1,513.0,0.127263706276358,0,1
025_NAB_id_25_WebService_tr_3958_1st_4614.csv,0.2456077615814240,15832,1580,2,790.0,0.0997978777160182,0,1
026_NAB_id_26_Traffic_tr_624_1st_2261.csv,0.5186867259794030,2499,238,1,238.0,0.0952380952380952,0,1
027_NAB_id_27_Facility_tr_757_1st_2582.csv,0.5840117382498210,3031,200,1,200.0,0.0659848234905971,0,1
028_NAB_id_28_Facility_tr_1007_1st_3447.csv,0.454393132318391,4031,430,1,430.0,0.106673282064004,0,1
032_WSD_id_4_WebService_tr_4559_1st_11822.csv,0.2549091779908120,10686,32,2,16.0,0.002994572337638,0,1
039_WSD_id_11_WebService_tr_1746_1st_1846.csv,0.5241113838442190,18219,132,7,18.8571428571429,0.0072451835995389,0,1
040_WSD_id_12_WebService_tr_4559_1st_9714.csv,0.0167411755205776,18236,41,4,10.25,0.0022483000658039,0,1
043_WSD_id_15_WebService_tr_4521_1st_6828.csv,0.013657420933773,18085,6,2,3.0,0.0003317666574509,0,1
049_WSD_id_21_WebService_tr_4297_1st_7097.csv,0.0702724684877395,17189,31,3,10.3333333333333,0.0018034789691081,0,1
054_WSD_id_26_WebService_tr_2409_1st_2509.csv,0.0190804822756212,18391,66,5,13.2,0.0035887118699363,0,1
058_WSD_id_30_WebService_tr_1136_1st_1236.csv,0.0039139894772327,18236,8,1,8.0,0.0004386926957666,0,1
060_WSD_id_32_WebService_tr_4576_1st_4766.csv,0.0288583861574354,18305,102,8,12.75,0.0055722480196667,0,1
068_WSD_id_40_WebService_tr_4549_1st_13322.csv,0.0313427359766536,18197,29,2,14.5,0.001593669286146,0,1
074_WSD_id_46_WebService_tr_990_1st_1090.csv,0.1188616210492040,18236,290,21,13.8095238095238,0.0159026102215398,0,1
089_WSD_id_61_WebService_tr_1010_1st_1110.csv,0.5432506630685610,17429,241,22,10.9545454545455,0.0138275288312582,0,1
094_WSD_id_66_WebService_tr_3309_1st_3914.csv,0.0190232661088683,13237,35,3,11.6666666666667,0.002644103648863,0,1
099_WSD_id_71_WebService_tr_4559_1st_14411.csv,0.0104503771851044,18236,41,2,20.5,0.0022483000658039,0,1
106_WSD_id_78_WebService_tr_3363_1st_3463.csv,0.4186586768843090,18236,221,3,73.6666666666667,0.0121188857205527,0,1
113_WSD_id_85_WebService_tr_500_1st_335.csv,0.0201945427132826,18242,113,8,14.125,0.00619449621752,0,1
117_WSD_id_89_WebService_tr_3251_1st_3351.csv,0.0023668050958912,16376,3,1,3.0,0.0001831949193942,0,1
125_WSD_id_97_WebService_tr_2217_1st_2317.csv,0.0166114125832994,18250,162,10,16.2,0.0088767123287671,0,1
130_WSD_id_102_WebService_tr_2362_1st_2462.csv,0.1419719618740140,18236,195,9,21.6666666666667,0.0106931344593112,0,1
137_WSD_id_109_WebService_tr_4559_1st_14404.csv,0.0055373824384168,18236,59,2,29.5,0.0032353586312787,0,1
139_WSD_id_111_WebService_tr_1701_1st_1801.csv,0.5219405615361060,18381,87,8,10.875,0.0047331483597192,0,1
140_MSL_id_1_Sensor_tr_530_1st_630.csv,0.838889954078998,2430,121,1,121.0,0.0497942386831275,0,1
141_MSL_id_2_Sensor_tr_500_1st_550.csv,0.4065847616016950,2264,312,2,156.0,0.137809187279152,0,1
143_MSL_id_4_Sensor_tr_980_1st_3550.csv,0.9998761663003570,3922,151,1,151.0,0.0385007649158592,0,1
144_MSL_id_5_Sensor_tr_1525_1st_4590.csv,0.050581188266461,6100,131,1,131.0,0.0214754098360655,0,1
145_MSL_id_6_Sensor_tr_530_1st_630.csv,0.1506874827341750,2430,121,1,121.0,0.0497942386831275,0,1
147_MSL_id_8_Sensor_tr_590_1st_690.csv,0.1664850790105800,2430,252,2,126.0,0.103703703703704,0,1
148_MSL_id_9_Sensor_tr_883_1st_1238.csv,0.9034387568908820,3535,228,2,114.0,0.0644978783592645,0,1
149_Stock_id_1_Finance_tr_500_1st_7.csv,0.8495661058291310,20000,981,931,1.05370569280344,0.04905,1,1
151_Stock_id_3_Finance_tr_500_1st_62.csv,0.8777251620192190,10000,487,463,1.05183585313175,0.0487,1,1
155_Stock_id_7_Finance_tr_500_1st_18.csv,0.9207597685866340,20000,973,924,1.0530303030303,0.04865,1,1
156_Stock_id_8_Finance_tr_500_1st_24.csv,0.1633605207304850,10000,485,457,1.06126914660832,0.0485,1,1
160_Stock_id_12_Finance_tr_500_1st_14.csv,0.6471970001729450,20000,981,934,1.05032119914347,0.04905,1,1
162_Stock_id_14_Finance_tr_500_1st_4.csv,0.937949311999763,10000,1380,1199,1.15095913261051,0.138,1,1
165_Stock_id_17_Finance_tr_500_1st_7.csv,0.9749763644708140,20000,2798,2380,1.17563025210084,0.1399,1,1
166_Stock_id_18_Finance_tr_500_1st_18.csv,0.8745520781081300,20000,2797,2401,1.1649312786339,0.13985,1,1
169_Daphnet_id_1_HumanActivity_tr_9693_1st_20732.csv,0.5109047106771600,38774,2306,6,384.333333333333,0.0594728426265022,0,1
170_MITDB_id_1_Medical_tr_17675_1st_17775.csv,0.0556817069823591,500000,22845,49,466.224489795918,0.04569,0,1
171_MITDB_id_2_Medical_tr_50000_1st_88864.csv,0.5506812412787740,650000,19657,42,468.02380952381,0.0302415384615384,0,1
172_MITDB_id_3_Medical_tr_27274_1st_27374.csv,0.0705603196523042,650000,18109,27,670.703703703704,0.02786,0,1
173_MITDB_id_4_Medical_tr_13620_1st_13720.csv,0.1688316010263520,650000,66682,199,335.085427135678,0.102587692307692,0,1
175_MITDB_id_6_Medical_tr_27274_1st_27374.csv,0.1033822823050440,650000,18109,27,670.703703703704,0.02786,0,1
176_MITDB_id_7_Medical_tr_6232_1st_6332.csv,0.5425550163392840,650000,38272,144,265.777777777778,0.05888,0,1
177_MITDB_id_8_Medical_tr_17675_1st_17775.csv,0.1407622800378880,650000,27124,60,452.06666666666700,0.0417292307692307,0,1
178_SMD_id_1_Facility_tr_6000_1st_10609.csv,0.0513046587000037,24000,427,4,106.75,0.0177916666666666,0,1
179_SMD_id_2_Facility_tr_5925_1st_17580.csv,0.6484694868088880,23703,161,1,161.0,0.0067923891490528,0,1
180_SMD_id_3_Facility_tr_5925_1st_17580.csv,0.944545057083964,23703,161,1,161.0,0.0067923891490528,0,1
181_SMD_id_4_Facility_tr_5000_1st_15144.csv,0.7773998690895950,20000,908,3,302.666666666667,0.0454,0,1
183_SMD_id_6_Facility_tr_5925_1st_17580.csv,0.9524926227657040,23703,161,1,161.0,0.0067923891490528,0,1
184_SMD_id_7_Facility_tr_7119_1st_15849.csv,0.6105762693611730,28479,2694,8,336.75,0.0945960181186137,0,1
185_SMD_id_8_Facility_tr_5000_1st_15144.csv,0.741577995543805,20000,908,3,302.666666666667,0.0454,0,1
187_SMD_id_10_Facility_tr_5000_1st_15849.csv,0.4229997159514800,20000,2190,4,547.5,0.1095,0,1
188_SMD_id_11_Facility_tr_500_1st_392.csv,0.3706995116075940,23703,817,12,68.0833333333333,0.0344682107750073,0,1
189_SMD_id_12_Facility_tr_5925_1st_17580.csv,0.7430875941403540,23703,161,1,161.0,0.0067923891490528,0,1
190_SMD_id_13_Facility_tr_7119_1st_15849.csv,0.7195663088443070,28479,2694,8,336.75,0.0945960181186137,0,1
191_SMD_id_14_Facility_tr_4596_1st_4696.csv,0.5102272949473510,22700,146,2,73.0,0.006431718061674,0,1
192_SMD_id_15_Facility_tr_5925_1st_17580.csv,0.9373285828202230,23703,161,1,161.0,0.0067923891490528,0,1
194_SMD_id_17_Facility_tr_5925_1st_17580.csv,0.8854559108912650,23703,161,1,161.0,0.0067923891490528,0,1
195_SMD_id_18_Facility_tr_5925_1st_17580.csv,0.8298563453477660,23703,161,1,161.0,0.0067923891490528,0,1
196_SMD_id_19_Facility_tr_7174_1st_21230.csv,0.0531694460737573,28696,192,2,96.0,0.0066908279899637,0,1
197_SMD_id_20_Facility_tr_5000_1st_15144.csv,0.7340136776517180,20000,908,3,302.666666666667,0.0454,0,1
198_SMD_id_21_Facility_tr_5925_1st_17580.csv,0.8511502646189800,23703,161,1,161.0,0.0067923891490528,0,1
199_SMD_id_22_Facility_tr_5925_1st_17580.csv,0.6747272329983960,23703,161,1,161.0,0.0067923891490528,0,1
201_SMD_id_24_Facility_tr_7174_1st_21230.csv,0.0908437122071809,28696,198,3,66.0,0.0068999163646501,0,1
202_SMD_id_25_Facility_tr_6250_1st_21230.csv,0.1371145837723540,25000,66,1,66.0,0.00264,0,1
203_SMD_id_26_Facility_tr_7174_1st_21230.csv,0.8419570374188880,28696,198,3,66.0,0.0068999163646501,0,1
204_SMD_id_27_Facility_tr_5000_1st_15144.csv,0.7865354354624580,20000,908,3,302.666666666667,0.0454,0,1
205_SMD_id_28_Facility_tr_5925_1st_17580.csv,0.7582344969493670,23703,161,1,161.0,0.0067923891490528,0,1
206_SMD_id_29_Facility_tr_6250_1st_21230.csv,0.0083391747826438,25000,66,1,66.0,0.00264,0,1
207_SMD_id_30_Facility_tr_7174_1st_21230.csv,0.6566274620382250,28696,198,3,66.0,0.0068999163646501,0,1
208_SMD_id_31_Facility_tr_5000_1st_15144.csv,0.5851950787620150,20000,908,3,302.666666666667,0.0454,0,1
209_SMD_id_32_Facility_tr_5925_1st_17580.csv,0.8908968236000510,23703,161,1,161.0,0.0067923891490528,0,1
211_SMD_id_34_Facility_tr_5925_1st_17580.csv,0.8283361860057830,23703,161,1,161.0,0.0067923891490528,0,1
212_SMD_id_35_Facility_tr_5925_1st_17580.csv,0.9266892561396140,23703,161,1,161.0,0.0067923891490528,0,1
213_SMD_id_36_Facility_tr_5925_1st_17580.csv,0.9790491703156010,23703,161,1,161.0,0.0067923891490528,0,1
214_SMD_id_37_Facility_tr_5925_1st_17580.csv,0.1016849137319010,23703,161,1,161.0,0.0067923891490528,0,1
215_SMD_id_38_Facility_tr_5925_1st_17580.csv,0.7913250134196610,23703,161,1,161.0,0.0067923891490528,0,1
216_LTDB_id_1_Medical_tr_500_1st_266.csv,0.1511316969038300,100000,14857,137,108.445255474453,0.14857,0,1
218_LTDB_id_3_Medical_tr_500_1st_266.csv,0.1972186830468290,100000,14857,137,108.445255474453,0.14857,0,1
219_LTDB_id_4_Medical_tr_3618_1st_3718.csv,0.996105314570326,100000,14781,116,127.422413793103,0.14781,0,1
220_LTDB_id_5_Medical_tr_500_1st_26.csv,0.8019431156302370,100000,31565,166,190.150602409639,0.31565,0,1
221_LTDB_id_6_Medical_tr_500_1st_26.csv,0.6325452670989270,100000,31565,166,190.150602409639,0.31565,0,1
222_LTDB_id_7_Medical_tr_3618_1st_3718.csv,0.9930865594912680,100000,14781,116,127.422413793103,0.14781,0,1
223_LTDB_id_8_Medical_tr_4456_1st_4556.csv,0.9178958922747980,100000,16159,100,161.59,0.16159,0,1
224_LTDB_id_9_Medical_tr_4456_1st_4556.csv,0.633874508613612,100000,16159,100,161.59,0.16159,0,1
225_MGAB_id_1_Synthetic_tr_25000_1st_38478.csv,0.355842356435693,100000,200,10,20.0,0.002,0,1
226_MGAB_id_2_Synthetic_tr_20000_1st_45134.csv,0.0024802836524619,80000,140,7,20.0,0.00175,0,1
227_MGAB_id_3_Synthetic_tr_25000_1st_44340.csv,0.4051148675162490,100000,200,10,20.0,0.002,0,1
228_MGAB_id_4_Synthetic_tr_25000_1st_38948.csv,0.3787728179029310,100000,200,10,20.0,0.002,0,1
229_MGAB_id_5_Synthetic_tr_25000_1st_33098.csv,0.4299701574203780,100000,200,10,20.0,0.002,0,1
231_MGAB_id_7_Synthetic_tr_25000_1st_35544.csv,0.4167752424230590,100000,200,10,20.0,0.002,0,1
232_MGAB_id_8_Synthetic_tr_25000_1st_32708.csv,0.3524183569722610,100000,200,10,20.0,0.002,0,1
233_MGAB_id_9_Synthetic_tr_25000_1st_41300.csv,0.5432638008579180,100000,200,10,20.0,0.002,0,1
234_SED_id_1_Medical_tr_3740_1st_3840.csv,0.9316809582975550,19999,960,15,64.0,0.048002400120006,0,1
236_SED_id_3_Medical_tr_3740_1st_3840.csv,0.8291485106879050,39999,1472,23,64.0,0.0368009200230005,0,1
237_SVDB_id_1_Medical_tr_11587_1st_11687.csv,0.9051718642454890,130400,9852,12,821.0,0.0755521472392638,0,1
238_SVDB_id_2_Medical_tr_25000_1st_71963.csv,0.4466128232135570,100000,676,1,676.0,0.00676,0,1
239_SVDB_id_3_Medical_tr_50000_1st_106634.csv,0.5176656958308010,230400,3503,13,269.461538461538,0.0152039930555555,0,1
240_SVDB_id_4_Medical_tr_18462_1st_18562.csv,0.2625330502374880,130400,6004,34,176.588235294118,0.046042944785276,0,1
241_SVDB_id_5_Medical_tr_11587_1st_11687.csv,0.9285692245617820,130400,9852,12,821.0,0.0755521472392638,0,1
243_SVDB_id_7_Medical_tr_11393_1st_11493.csv,0.7301986618161100,180400,5547,32,173.34375,0.0307483370288248,0,1
244_SVDB_id_8_Medical_tr_17803_1st_17903.csv,0.7051066412093100,130400,3941,25,157.64,0.0302223926380368,0,1
245_SVDB_id_9_Medical_tr_12607_1st_12707.csv,0.9181122481944150,180400,14891,150,99.2733333333333,0.0825443458980044,0,1
246_SVDB_id_10_Medical_tr_20100_1st_68460.csv,0.1474082623258290,80400,535,5,107.0,0.0066542288557213,0,1
247_SVDB_id_11_Medical_tr_20100_1st_23611.csv,0.5634236681896690,80400,945,8,118.125,0.0117537313432835,0,1
248_SVDB_id_12_Medical_tr_18462_1st_18562.csv,0.8442623644302400,130400,6004,34,176.588235294118,0.046042944785276,0,1
249_SVDB_id_13_Medical_tr_50000_1st_54982.csv,0.4176327688158430,230400,8578,57,150.491228070175,0.0372309027777777,0,1
250_SVDB_id_14_Medical_tr_50000_1st_107354.csv,0.3547439197508180,230400,6469,6,1078.16666666667,0.0280772569444444,0,1
251_SVDB_id_15_Medical_tr_5421_1st_5521.csv,0.8476950693433000,230400,12809,83,154.325301204819,0.0555946180555555,0,1
253_SVDB_id_17_Medical_tr_17803_1st_17903.csv,0.7942487953996620,130400,3941,25,157.64,0.0302223926380368,0,1
254_SVDB_id_18_Medical_tr_30824_1st_30924.csv,0.2239679585982350,230400,7847,42,186.833333333333,0.0340581597222222,0,1
255_SVDB_id_19_Medical_tr_50000_1st_54982.csv,0.3348338857620740,230400,8578,57,150.491228070175,0.0372309027777777,0,1
256_SVDB_id_20_Medical_tr_6264_1st_6364.csv,0.1316222429732050,230400,7464,45,165.866666666667,0.0323958333333333,0,1
257_TAO_id_1_Environment_tr_500_1st_3.csv,0.8898356437480470,10000,954,849,1.12367491166078,0.0954,1,1
258_TAO_id_2_Environment_tr_500_1st_4.csv,0.9405347284721620,10000,1380,1199,1.15095913261051,0.138,1,1
260_IOPS_id_1_WebService_tr_5000_1st_11804.csv,0.2085823126086210,20000,14,1,14.0,0.0007,0,1
261_IOPS_id_2_WebService_tr_2178_1st_2278.csv,0.0588308460471889,8784,6,2,3.0,0.0006830601092896,0,1
262_IOPS_id_3_WebService_tr_7028_1st_7128.csv,0.1287786688482940,125135,2704,46,58.7826086956522,0.0216086626443441,0,1
263_IOPS_id_4_WebService_tr_3482_1st_3582.csv,0.3324094000213870,149123,790,56,14.1071428571429,0.0052976402030538,0,1
264_IOPS_id_5_WebService_tr_11665_1st_11765.csv,0.2783838620487510,60000,901,3,300.333333333333,0.0150166666666666,0,1
266_IOPS_id_7_WebService_tr_4010_1st_4110.csv,0.1456331248666690,89155,1456,53,27.4716981132075,0.0163311087432,0,1
267_IOPS_id_8_WebService_tr_1534_1st_1882.csv,0.2685453624004940,6138,53,5,10.6,0.008634734441186,0,1
268_IOPS_id_9_WebService_tr_6216_1st_6316.csv,0.397807365227362,29133,1397,15,93.1333333333333,0.0479524937356262,0,1
269_IOPS_id_10_WebService_tr_1216_1st_1728.csv,0.5787486346642990,4866,49,2,24.5,0.0100698725852856,0,1
271_IOPS_id_12_WebService_tr_500_1st_341.csv,0.150287008230857,8784,116,10,11.6,0.0132058287795992,0,1
272_IOPS_id_13_WebService_tr_3442_1st_3542.csv,0.1225768533556990,149156,633,56,11.3035714285714,0.0042438788918984,0,1
273_IOPS_id_14_WebService_tr_5569_1st_5669.csv,0.030573481923941,149122,761,53,14.3584905660377,0.005103204087928,0,1
274_IOPS_id_15_WebService_tr_4591_1st_4691.csv,0.4486675355293890,149132,6777,86,78.8023255813954,0.0454429632808518,0,1
275_IOPS_id_16_WebService_tr_1482_1st_1582.csv,0.1176464302753330,8784,71,6,11.8333333333333,0.0080828779599271,0,1
276_IOPS_id_17_WebService_tr_19197_1st_19297.csv,0.6018673233284170,91370,2576,20,128.8,0.0281930611798183,0,1
277_NEK_id_1_WebService_tr_500_1st_17.csv,0.8902446823710160,1073,88,2,44.0,0.0820130475302889,0,1
278_NEK_id_2_WebService_tr_500_1st_64.csv,0.2712228501746020,1073,65,6,10.8333333333333,0.0605778191985088,1,1
279_NEK_id_3_WebService_tr_500_1st_974.csv,0.948118591818907,1073,91,1,91.0,0.0848089468779123,0,1
281_NEK_id_5_WebService_tr_500_1st_974.csv,0.8998909486725990,1073,88,1,88.0,0.0820130475302889,0,1
282_NEK_id_6_WebService_tr_500_1st_64.csv,0.2496475562215000,1073,63,7,9.0,0.0587138863000931,0,1
283_NEK_id_7_WebService_tr_500_1st_777.csv,0.7803894819512290,1073,120,2,60.0,0.111835973904939,0,1
284_NEK_id_8_WebService_tr_500_1st_976.csv,0.9391222550788250,1073,89,1,89.0,0.0829450139794967,0,1
285_NEK_id_9_WebService_tr_500_1st_780.csv,0.7353901741714060,1073,108,2,54.0,0.100652376514445,0,1
286_CATSv2_id_1_Sensor_tr_17792_1st_17892.csv,0.3299944769420450,300000,14800,19,778.947368421053,0.0493333333333333,0,1
287_TODS_id_1_Synthetic_tr_500_1st_11.csv,0.8648149612221150,5000,261,247,1.05668016194332,0.0522,1,1
288_TODS_id_2_Synthetic_tr_500_1st_65.csv,0.7950549619296680,5000,338,112,3.01785714285714,0.0676,1,1
289_TODS_id_3_Synthetic_tr_500_1st_26.csv,0.716294095276632,5000,225,123,1.82926829268293,0.045,1,1
290_TODS_id_4_Synthetic_tr_500_1st_26.csv,0.6741468658876890,5000,429,84,5.10714285714286,0.0858,1,1
292_TODS_id_6_Synthetic_tr_500_1st_11.csv,0.8049042550348900,5000,261,247,1.05668016194332,0.0522,1,1
293_TODS_id_7_Synthetic_tr_500_1st_7.csv,0.2820426655208900,5000,251,24,10.4583333333333,0.0502,0,1
294_TODS_id_8_Synthetic_tr_500_1st_200.csv,0.3378003726490220,5000,510,14,36.4285714285714,0.102,0,1
295_TODS_id_9_Synthetic_tr_1250_1st_2046.csv,0.160806220490787,5000,390,11,35.4545454545455,0.078,0,1
296_TODS_id_10_Synthetic_tr_500_1st_26.csv,0.758697453435401,5000,204,155,1.31612903225806,0.0408,1,1
297_TODS_id_11_Synthetic_tr_500_1st_7.csv,0.3493922057526700,5000,251,24,10.4583333333333,0.0502,0,1
298_TODS_id_12_Synthetic_tr_500_1st_0.csv,0.6517297556203480,5000,324,60,5.4,0.0648,1,1
299_TODS_id_13_Synthetic_tr_500_1st_65.csv,0.6853534223672710,5000,268,96,2.79166666666667,0.0536,1,1
301_TODS_id_15_Synthetic_tr_500_1st_245.csv,0.1754803441099310,5000,410,13,31.5384615384615,0.082,0,1
302_Power_id_1_Facility_tr_7685_1st_7785.csv,0.1139089080441520,35040,3000,4,750.0,0.0856164383561643,0,1
304_UCR_id_2_Medical_tr_2499_1st_7000.csv,0.0372968515883329,9998,50,1,50.0,0.00500100020004,0,1
309_UCR_id_7_Medical_tr_3000_1st_5948.csv,0.0048695673491191,12000,45,1,45.0,0.00375,0,1
326_UCR_id_24_Medical_tr_1875_1st_4187.csv,0.1815570488456920,7501,12,1,12.0,0.0015997866951073,0,1
346_UCR_id_44_Medical_tr_7456_1st_17390.csv,0.557682571756323,29826,130,1,130.0,0.0043586132904177,0,1
361_UCR_id_59_Medical_tr_3000_1st_7175.csv,0.0192721335716709,12000,213,1,213.0,0.01775,0,1
371_UCR_id_69_Medical_tr_1853_1st_6200.csv,0.0231624835837479,7415,170,1,170.0,0.0229265003371544,0,1
382_UCR_id_80_Medical_tr_7500_1st_11800.csv,0.3415367482751710,30000,300,1,300.0,0.01,0,1
391_UCR_id_89_Medical_tr_1875_1st_5759.csv,0.0608199887513416,7500,160,1,160.0,0.0213333333333333,0,1
396_UCR_id_94_Medical_tr_1875_1st_5607.csv,0.0045295277339905,7501,27,1,27.0,0.0035995200639914,0,1
415_UCR_id_113_Medical_tr_3000_1st_8612.csv,0.0392811573612854,12000,104,1,104.0,0.0086666666666666,0,1
436_UCR_id_134_Medical_tr_1875_1st_4526.csv,0.0726875874652423,7501,30,1,30.0,0.0039994667377682,0,1
437_UCR_id_135_Medical_tr_2499_1st_8000.csv,0.0841661123367732,9998,25,1,25.0,0.00250050010002,0,1
307_UCR_id_5_Facility_tr_29895_1st_39240.csv,0.0017862617938532,119580,96,1,96.0,0.0008028098344204,0,1
331_UCR_id_29_Facility_tr_50000_1st_837400.csv,0.028136611039109,900000,1700,1,1700.0,0.0018888888888888,0,1
332_UCR_id_30_Facility_tr_13750_1st_52600.csv,0.2528500792041850,55000,200,1,200.0,0.0036363636363636,0,1
349_UCR_id_47_Facility_tr_29954_1st_74900.csv,0.0016439782341952,119819,96,1,96.0,0.0008012084894716,0,1
358_UCR_id_56_Facility_tr_10500_1st_29080.csv,0.0089731101187356,42000,60,1,60.0,0.0014285714285714,0,1
406_UCR_id_104_Facility_tr_20000_1st_67950.csv,0.0049016140710711,80000,250,1,250.0,0.003125,0,1
419_UCR_id_117_Facility_tr_3000_1st_6168.csv,0.0048648093642818,12000,44,1,44.0,0.0036666666666666,0,1
420_UCR_id_118_Facility_tr_13750_1st_52600.csv,0.5708523834883840,55000,200,1,200.0,0.0036363636363636,0,1
432_UCR_id_130_Facility_tr_23000_1st_26970.csv,0.1222488696102400,92000,300,1,300.0,0.0032608695652173,0,1
452_UCR_id_150_Facility_tr_10000_1st_35774.csv,0.7690862572279700,40000,100,1,100.0,0.0025,0,1
471_UCR_id_169_Facility_tr_10000_1st_35774.csv,0.6919027904744120,40000,100,1,100.0,0.0025,0,1
494_UCR_id_192_Facility_tr_22500_1st_72150.csv,0.0284217640728286,90000,345,1,345.0,0.0038333333333333,0,1
500_UCR_id_198_Facility_tr_7482_1st_23357.csv,0.4067830318094630,29931,360,1,360.0,0.0120276636263405,0,1
517_UCR_id_215_Facility_tr_7482_1st_24005.csv,0.0076933750356436,29931,72,1,72.0,0.0024055327252681,0,1
525_UCR_id_223_Facility_tr_50000_1st_250720.csv,0.0053840494565225,299790,650,1,650.0,0.0021681843957436,0,1
310_UCR_id_8_HumanActivity_tr_2631_1st_8285.csv,0.0023689262302983,10524,30,1,30.0,0.0028506271379703,0,1
311_UCR_id_9_HumanActivity_tr_16000_1st_38400.csv,0.0333713536754341,64000,800,1,800.0,0.0125,0,1
315_UCR_id_13_HumanActivity_tr_16000_1st_33070.csv,0.0120388370869402,64000,110,1,110.0,0.00171875,0,1
334_UCR_id_32_HumanActivity_tr_1671_1st_2764.csv,0.0638525096722831,6684,231,1,231.0,0.0345601436265709,0,1
341_UCR_id_39_HumanActivity_tr_48812_1st_128430.csv,1.54397277292566E-05,195250,1,1,1.0,5.12163892445583E-06,1,0
355_UCR_id_53_HumanActivity_tr_48750_1st_143411.csv,0.0016229206563253,195000,100,1,100.0,0.0005128205128205,0,1
381_UCR_id_79_HumanActivity_tr_16000_1st_31200.csv,0.2939340211662750,64000,650,1,650.0,0.01015625,0,1
401_UCR_id_99_HumanActivity_tr_1671_1st_5920.csv,0.9956439190292300,6684,59,1,59.0,0.0088270496708557,0,1
421_UCR_id_119_HumanActivity_tr_48750_1st_130700.csv,0.0111713668366817,195000,1180,1,1180.0,0.006051282051282,0,1
430_UCR_id_128_HumanActivity_tr_12500_1st_46500.csv,0.0317874333675908,50000,300,1,300.0,0.006,0,1
439_UCR_id_137_HumanActivity_tr_48750_1st_110800.csv,0.0018371083827215,195000,1,1,1.0,5.12820512820513E-06,1,0
459_UCR_id_157_HumanActivity_tr_50000_1st_110260.csv,0.1979364078590410,200000,152,1,152.0,0.00076,0,1
473_UCR_id_171_HumanActivity_tr_2617_1st_7290.csv,0.0033640280362178,10468,6,1,6.0,0.0005731753916698,0,1
516_UCR_id_214_HumanActivity_tr_2108_1st_4702.csv,0.1141513087687460,8432,5,1,5.0,0.0005929791271347,0,1
530_UCR_id_228_HumanActivity_tr_16250_1st_38500.csv,0.1861114784676850,65000,300,1,300.0,0.0046153846153846,0,1
319_UCR_id_17_Environment_tr_6166_1st_19280.csv,0.0562889863135814,24667,160,1,160.0,0.0064863988324482,0,1
385_UCR_id_83_Environment_tr_2046_1st_6006.csv,0.0183679489271548,8184,48,1,48.0,0.0058651026392961,0,1
387_UCR_id_85_Environment_tr_2046_1st_5549.csv,0.0421821028047492,8184,48,1,48.0,0.0058651026392961,0,1
393_UCR_id_91_Environment_tr_2046_1st_4852.csv,0.0976403947971769,8184,48,1,48.0,0.0058651026392961,0,1
400_UCR_id_98_Environment_tr_2046_1st_5391.csv,0.0003172634676133,8184,1,1,1.0,0.0001221896383186,1,0
411_UCR_id_109_Environment_tr_2046_1st_4852.csv,0.0650923420737917,8184,48,1,48.0,0.0058651026392961,0,1
445_UCR_id_143_Environment_tr_6166_1st_19280.csv,0.0130403711166114,24667,160,1,160.0,0.0064863988324482,0,1
463_UCR_id_161_Environment_tr_2046_1st_6006.csv,0.0111800913879731,8184,48,1,48.0,0.0058651026392961,0,1
467_UCR_id_165_Environment_tr_6166_1st_19280.csv,0.0742290426658389,24667,160,1,160.0,0.0064863988324482,0,1
474_UCR_id_172_Environment_tr_2046_1st_6520.csv,0.0033264959004507,8184,24,1,24.0,0.002932551319648,0,1
495_UCR_id_193_Environment_tr_2046_1st_6520.csv,0.0258789254914724,8184,24,1,24.0,0.002932551319648,0,1
496_UCR_id_194_Environment_tr_2046_1st_5391.csv,0.0003230080915022,8184,1,1,1.0,0.0001221896383186,1,0
499_UCR_id_197_Environment_tr_2046_1st_5703.csv,0.0053076518529256,8184,24,1,24.0,0.002932551319648,0,1
504_UCR_id_202_Environment_tr_2046_1st_5549.csv,0.0333052540900721,8184,48,1,48.0,0.0058651026392961,0,1
506_UCR_id_204_Environment_tr_2046_1st_5549.csv,0.0119525313594063,8184,48,1,48.0,0.0058651026392961,0,1
313_UCR_id_11_Sensor_tr_2827_1st_4711.csv,0.784635265670629,11308,98,1,98.0,0.0086664308454191,0,1
316_UCR_id_14_Sensor_tr_2833_1st_5988.csv,0.0196679423441913,11334,97,1,97.0,0.0085583200988177,0,1
339_UCR_id_37_Sensor_tr_2750_1st_5400.csv,0.2161086841889740,11000,200,1,200.0,0.0181818181818181,0,1
344_UCR_id_42_Sensor_tr_2851_1st_5365.csv,0.0014686889894775,11406,15,1,15.0,0.0013150973172014,0,1
364_UCR_id_62_Sensor_tr_2833_1st_5988.csv,0.007163742338848,11334,97,1,97.0,0.0085583200988177,0,1
369_UCR_id_67_Sensor_tr_2750_1st_5400.csv,0.3169804895067800,11000,200,1,200.0,0.0181818181818181,0,1
373_UCR_id_71_Sensor_tr_2827_1st_5988.csv,0.0081693552851979,11308,97,1,97.0,0.0085779978776087,0,1
405_UCR_id_103_Sensor_tr_2827_1st_5988.csv,0.0090791554219354,11308,97,1,97.0,0.0085779978776087,0,1
417_UCR_id_115_Sensor_tr_2750_1st_5400.csv,0.0649905829461176,11000,200,1,200.0,0.0181818181818181,0,1
426_UCR_id_124_Sensor_tr_2827_1st_4711.csv,0.44005658072604,11308,98,1,98.0,0.0086664308454191,0,1
449_UCR_id_147_Sensor_tr_2847_1st_9330.csv,0.0083835841717756,11388,10,1,10.0,0.0008781173164734,0,1
493_UCR_id_191_Sensor_tr_2847_1st_9330.csv,0.4643910292266860,11388,10,1,10.0,0.0008781173164734,0,1
526_UCR_id_224_Sensor_tr_2827_1st_4711.csv,0.0493358042350366,11308,98,1,98.0,0.0086664308454191,0,1
531_SMAP_id_1_Sensor_tr_1811_1st_4510.csv,0.9561538517381600,7244,81,1,81.0,0.0111816675869685,0,1
532_SMAP_id_2_Sensor_tr_2075_1st_5550.csv,0.1848958528457030,8302,351,1,351.0,0.042278968923151,0,1
533_SMAP_id_3_Sensor_tr_2052_1st_5300.csv,0.9999548700860570,8209,1121,1,1121.0,0.136557436959435,0,1
534_SMAP_id_4_Sensor_tr_1968_1st_4370.csv,0.8509546925663570,7874,51,1,51.0,0.0064770129540259,0,1
536_SMAP_id_6_Sensor_tr_2160_1st_5600.csv,0.1868023792842460,8640,101,1,101.0,0.0116898148148148,0,1
537_SMAP_id_7_Sensor_tr_2077_1st_5394.csv,0.9977546443560750,8310,281,1,281.0,0.0338146811070998,0,1
538_SMAP_id_8_Sensor_tr_2007_1st_3650.csv,0.4752058425169820,8029,268,3,89.3333333333333,0.0333790011209366,0,1
539_SMAP_id_9_Sensor_tr_1857_1st_4270.csv,0.0162441665715975,7431,61,1,61.0,0.00820885479747,0,1
540_SMAP_id_10_Sensor_tr_2051_1st_4575.csv,0.0324813878156615,8205,186,1,186.0,0.0226691042047532,0,1
541_SMAP_id_11_Sensor_tr_1832_1st_5300.csv,0.817034300975701,7331,448,1,448.0,0.0611103532942299,0,1
542_SMAP_id_12_Sensor_tr_1908_1st_4690.csv,0.6594115570299330,7632,31,1,31.0,0.0040618448637316,0,1
544_SMAP_id_14_Sensor_tr_1978_1st_4450.csv,0.0095246801695336,7914,111,1,111.0,0.0140257771038665,0,1
545_SMAP_id_15_Sensor_tr_1173_1st_2750.csv,0.3521485199152370,4693,51,1,51.0,0.0108672490943959,0,1
546_SMAP_id_16_Sensor_tr_2117_1st_4770.csv,0.0198568092494446,8469,121,1,121.0,0.0142874011099303,0,1
547_SMAP_id_17_Sensor_tr_2133_1st_5400.csv,0.5184621441119980,8532,623,1,623.0,0.0730192217533989,0,1
548_SMAP_id_18_Sensor_tr_2094_1st_5600.csv,0.0149884248855262,8376,41,1,41.0,0.0048949379178605,0,1
549_SMAP_id_19_Sensor_tr_1998_1st_2098.csv,0.9718162602986950,8579,184,2,92.0,0.0214477211796246,0,1
550_SWaT_id_1_Sensor_tr_43700_1st_43800.csv,0.2944126915451850,419919,50653,27,1876.03703703704,0.120625644469529,0,1
551_YAHOO_id_1_Synthetic_tr_500_1st_893.csv,0.0045889954701396,1421,1,1,1.0,0.0007037297677691,1,0
552_YAHOO_id_2_Synthetic_tr_500_1st_893.csv,0.0048981179787232,1421,1,1,1.0,0.0007037297677691,1,0
555_YAHOO_id_5_WebService_tr_500_1st_730.csv,0.0262156968476337,1680,4,4,1.0,0.0023809523809523,1,0
558_YAHOO_id_8_WebService_tr_500_1st_1125.csv,0.5908571647654120,1427,80,2,40.0,0.056061667834618,1,1
562_YAHOO_id_12_Synthetic_tr_500_1st_893.csv,0.0035569494665038,1421,1,1,1.0,0.0007037297677691,1,0
570_YAHOO_id_20_Synthetic_tr_500_1st_658.csv,0.0419839964776119,1421,4,2,2.0,0.0028149190710767,0,1
571_YAHOO_id_21_Synthetic_tr_500_1st_623.csv,0.0312317184857156,1421,9,3,3.0,0.0063335679099225,0,1
579_YAHOO_id_29_WebService_tr_500_1st_1342.csv,0.0054081889408302,1680,1,1,1.0,0.000595238095238,1,0
603_YAHOO_id_53_Synthetic_tr_500_1st_893.csv,0.0025343249949319,1421,1,1,1.0,0.0007037297677691,1,0
644_YAHOO_id_94_WebService_tr_500_1st_1078.csv,0.0309813433688718,1435,75,5,15.0,0.0522648083623693,1,1
645_YAHOO_id_95_WebService_tr_500_1st_1047.csv,0.0028169871456306,1680,1,1,1.0,0.000595238095238,1,0
649_YAHOO_id_99_WebService_tr_500_1st_1386.csv,0.603541633008137,1680,1,1,1.0,0.000595238095238,1,0
657_YAHOO_id_107_WebService_tr_500_1st_1260.csv,0.2877271191012760,1440,1,1,1.0,0.0006944444444444,1,0
658_YAHOO_id_108_Synthetic_tr_500_1st_893.csv,0.0045761532146901,1421,1,1,1.0,0.0007037297677691,1,0
672_YAHOO_id_122_WebService_tr_500_1st_857.csv,0.0010608022069636,1680,1,1,1.0,0.000595238095238,1,0
680_YAHOO_id_130_Synthetic_tr_500_1st_893.csv,0.0048807816617217,1421,1,1,1.0,0.0007037297677691,1,0
689_YAHOO_id_139_WebService_tr_500_1st_1073.csv,0.0049507177680953,1680,1,1,1.0,0.000595238095238,1,0
693_YAHOO_id_143_WebService_tr_500_1st_1003.csv,0.0910665285471215,1427,2,2,1.0,0.0014015416958654,1,0
701_YAHOO_id_151_Synthetic_tr_500_1st_893.csv,0.0091247846689623,1421,1,1,1.0,0.0007037297677691,1,0
723_YAHOO_id_173_WebService_tr_500_1st_1214.csv,0.0952956485784209,1420,2,2,1.0,0.0014084507042253,1,0
724_YAHOO_id_174_WebService_tr_500_1st_1030.csv,0.0794145777515985,1680,5,5,1.0,0.0029761904761904,1,0
734_YAHOO_id_184_WebService_tr_500_1st_768.csv,0.8985836913750310,1424,227,3,75.6666666666667,0.159410112359551,0,1
741_YAHOO_id_191_WebService_tr_500_1st_1114.csv,0.0129745279417446,1680,2,2,1.0,0.0011904761904761,1,0
755_YAHOO_id_205_Synthetic_tr_500_1st_893.csv,0.005189185212015,1421,1,1,1.0,0.0007037297677691,1,0
762_YAHOO_id_212_WebService_tr_500_1st_1055.csv,0.0128640355384664,1680,2,2,1.0,0.0011904761904761,1,0
780_YAHOO_id_230_Synthetic_tr_500_1st_893.csv,0.007447705392144,1421,1,1,1.0,0.0007037297677691,1,0
788_YAHOO_id_238_WebService_tr_500_1st_973.csv,0.0012631781994403,1680,1,1,1.0,0.000595238095238,1,0
797_YAHOO_id_247_Synthetic_tr_500_1st_893.csv,0.0114415611690475,1421,1,1,1.0,0.0007037297677691,1,0
806_YAHOO_id_256_Synthetic_tr_500_1st_893.csv,0.0070909176170136,1421,1,1,1.0,0.0007037297677691,1,0
807_YAHOO_id_257_WebService_tr_500_1st_1210.csv,0.3205956310430890,1424,17,3,5.66666666666667,0.011938202247191,0,1
810_Exathlon_id_1_Facility_tr_10766_1st_12590.csv,0.996231245503902,43066,5437,3,1812.33333333333,0.126248084335671,0,1
811_Exathlon_id_2_Facility_tr_10766_1st_12590.csv,0.9975377278232900,43066,5437,3,1812.33333333333,0.126248084335671,0,1
812_Exathlon_id_3_Facility_tr_10766_1st_12590.csv,0.999128589860866,43066,5437,3,1812.33333333333,0.126248084335671,0,1
814_Exathlon_id_5_Facility_tr_10766_1st_12590.csv,0.9965570458151030,43066,5437,3,1812.33333333333,0.126248084335671,0,1
815_Exathlon_id_6_Facility_tr_10766_1st_12590.csv,0.9987542295580370,43066,5437,3,1812.33333333333,0.126248084335671,0,1
816_Exathlon_id_7_Facility_tr_10766_1st_12590.csv,0.9320617827942600,43066,5437,3,1812.33333333333,0.126248084335671,0,1
817_Exathlon_id_8_Facility_tr_10766_1st_12590.csv,0.9720605390898070,43066,5437,3,1812.33333333333,0.126248084335671,0,1
818_Exathlon_id_9_Facility_tr_11665_1st_13484.csv,0.999701621812764,46660,2928,3,976.0,0.0627518216888126,0,1
819_Exathlon_id_10_Facility_tr_10766_1st_12590.csv,0.9990659418324200,43066,5437,3,1812.33333333333,0.126248084335671,0,1
820_Exathlon_id_11_Facility_tr_11665_1st_13484.csv,0.8909014415696960,46660,2928,3,976.0,0.0627518216888126,0,1
821_Exathlon_id_12_Facility_tr_6985_1st_7085.csv,0.989782181335276,46649,4856,5,971.2,0.104096550837103,0,1
822_Exathlon_id_13_Facility_tr_10766_1st_12590.csv,0.97163289962337,43066,5437,3,1812.33333333333,0.126248084335671,0,1
823_Exathlon_id_14_Facility_tr_10766_1st_12590.csv,0.9999156676770430,43066,5437,3,1812.33333333333,0.126248084335671,0,1
824_Exathlon_id_15_Facility_tr_10766_1st_12590.csv,0.9937713788126770,43066,5437,3,1812.33333333333,0.126248084335671,0,1
826_Exathlon_id_17_Facility_tr_11665_1st_13484.csv,0.8891244108856890,46660,2928,3,976.0,0.0627518216888126,0,1
827_Exathlon_id_18_Facility_tr_10766_1st_12590.csv,0.9944986679573600,43066,5437,3,1812.33333333333,0.126248084335671,0,1
828_Exathlon_id_19_Facility_tr_11663_1st_13482.csv,0.9111404125723460,46655,2948,3,982.666666666667,0.063187225377773,0,1
829_Exathlon_id_20_Facility_tr_10766_1st_12590.csv,0.9316579645120590,43066,5437,3,1812.33333333333,0.126248084335671,0,1
830_Exathlon_id_21_Facility_tr_10766_1st_12590.csv,0.975624513005804,43066,5437,3,1812.33333333333,0.126248084335671,0,1
831_Exathlon_id_22_Facility_tr_11665_1st_13484.csv,0.8909899918190350,46660,2928,3,976.0,0.0627518216888126,0,1
832_Exathlon_id_23_Facility_tr_10766_1st_12590.csv,0.9309989680123480,43066,5437,3,1812.33333333333,0.126248084335671,0,1
833_Exathlon_id_24_Facility_tr_10766_1st_12590.csv,0.998650126277468,43066,5437,3,1812.33333333333,0.126248084335671,0,1
834_Exathlon_id_25_Facility_tr_11665_1st_13484.csv,0.8884548301045140,46660,2928,3,976.0,0.0627518216888126,0,1
835_Exathlon_id_26_Facility_tr_10766_1st_12590.csv,0.9955118204455600,43066,5437,3,1812.33333333333,0.126248084335671,0,1
836_Exathlon_id_27_Facility_tr_10766_1st_12590.csv,0.9991699425595390,43066,5437,3,1812.33333333333,0.126248084335671,0,1
837_Exathlon_id_28_Facility_tr_8898_1st_8998.csv,0.9979285422061640,46650,3891,4,972.75,0.0834083601286173,0,1
838_Exathlon_id_29_Facility_tr_10766_1st_12590.csv,0.9792110199020830,43066,5437,3,1812.33333333333,0.126248084335671,0,1
839_Exathlon_id_30_Facility_tr_10766_1st_12590.csv,0.9315523155972680,43066,5437,3,1812.33333333333,0.126248084335671,0,1
840_Exathlon_id_31_Facility_tr_10766_1st_12590.csv,0.99347201353855,43066,5437,3,1812.33333333333,0.126248084335671,0,1
841_Exathlon_id_32_Facility_tr_11663_1st_13482.csv,0.9989034746678510,46655,2948,3,982.666666666667,0.063187225377773,0,1
842_OPPORTUNITY_id_1_HumanActivity_tr_7295_1st_27516.csv,0.985022535733262,29182,330,1,330.0,0.0113083407580015,0,1
843_OPPORTUNITY_id_2_HumanActivity_tr_808_1st_908.csv,0.9593830145236610,9057,1142,1,1142.0,0.12609031688197,0,1
844_OPPORTUNITY_id_3_HumanActivity_tr_500_1st_566.csv,0.9952412927013340,15653,967,2,483.5,0.0617772950872037,0,1
845_OPPORTUNITY_id_4_HumanActivity_tr_7295_1st_27516.csv,0.984558610312024,29182,330,1,330.0,0.0113083407580015,0,1
846_OPPORTUNITY_id_5_HumanActivity_tr_2085_1st_2185.csv,0.96170761398018,22194,818,2,409.0,0.0368568081463458,0,1
847_OPPORTUNITY_id_6_HumanActivity_tr_808_1st_908.csv,0.101898682478794,9057,1142,1,1142.0,0.12609031688197,0,1
848_OPPORTUNITY_id_7_HumanActivity_tr_1477_1st_1577.csv,0.0620504797251695,18011,396,2,198.0,0.021986563766587,0,1
849_OPPORTUNITY_id_8_HumanActivity_tr_1100_1st_1200.csv,0.994406827136016,24892,608,2,304.0,0.0244255182387915,0,1
850_OPPORTUNITY_id_9_HumanActivity_tr_895_1st_995.csv,0.9866970140757600,14751,438,1,438.0,0.0296929021761236,0,1
851_OPPORTUNITY_id_10_HumanActivity_tr_6213_1st_7311.csv,0.0200495293171666,24852,872,1,872.0,0.0350877192982456,0,1
853_OPPORTUNITY_id_12_HumanActivity_tr_808_1st_908.csv,0.8283829774872110,9057,1142,1,1142.0,0.12609031688197,0,1
854_OPPORTUNITY_id_13_HumanActivity_tr_1477_1st_1577.csv,0.963947277792108,18011,396,2,198.0,0.021986563766587,0,1
855_OPPORTUNITY_id_14_HumanActivity_tr_808_1st_908.csv,0.593401664174596,9057,1142,1,1142.0,0.12609031688197,0,1
856_OPPORTUNITY_id_15_HumanActivity_tr_808_1st_908.csv,0.982387419718905,9057,1142,1,1142.0,0.12609031688197,0,1
857_OPPORTUNITY_id_16_HumanActivity_tr_500_1st_566.csv,0.1664656156189410,15653,967,2,483.5,0.0617772950872037,0,1
858_OPPORTUNITY_id_17_HumanActivity_tr_808_1st_908.csv,0.9992341674028470,9057,1142,1,1142.0,0.12609031688197,0,1
859_OPPORTUNITY_id_18_HumanActivity_tr_895_1st_995.csv,0.9862108134743020,14751,438,1,438.0,0.0296929021761236,0,1
860_OPPORTUNITY_id_19_HumanActivity_tr_808_1st_908.csv,0.9995800386928290,9057,1142,1,1142.0,0.12609031688197,0,1
861_OPPORTUNITY_id_20_HumanActivity_tr_2085_1st_2185.csv,0.9644281906862650,22194,818,2,409.0,0.0368568081463458,0,1
862_OPPORTUNITY_id_21_HumanActivity_tr_500_1st_566.csv,0.9939576641158700,15653,967,2,483.5,0.0617772950872037,0,1
863_OPPORTUNITY_id_22_HumanActivity_tr_808_1st_908.csv,0.9991282859395740,9057,1142,1,1142.0,0.12609031688197,0,1
865_OPPORTUNITY_id_24_HumanActivity_tr_2085_1st_2185.csv,0.9582508341577310,22194,818,2,409.0,0.0368568081463458,0,1
866_OPPORTUNITY_id_25_HumanActivity_tr_6213_1st_7311.csv,0.5013415980256270,24852,872,1,872.0,0.0350877192982456,0,1
867_OPPORTUNITY_id_26_HumanActivity_tr_808_1st_908.csv,0.9732163993749110,9057,1142,1,1142.0,0.12609031688197,0,1
868_OPPORTUNITY_id_27_HumanActivity_tr_2085_1st_2185.csv,0.9554954585206990,22194,818,2,409.0,0.0368568081463458,0,1
869_OPPORTUNITY_id_28_HumanActivity_tr_500_1st_566.csv,0.0742103451414878,15653,967,2,483.5,0.0617772950872037,0,1
870_OPPORTUNITY_id_29_HumanActivity_tr_1477_1st_1577.csv,0.9644743743213500,18011,396,2,198.0,0.021986563766587,0,1