filename,AD_Name,sliding_window,test_window_key,test_window_value,train_index,data_shape,output_length,label_length,aligned_length,AUC-PR,AUC-ROC,VUS-PR,VUS-ROC,Standard-F1,Standard-Precision,Standard-Recall,PA-F1,PA-Precision,PA-Recall,Affiliation-F,Affiliation-P,Affiliation-R,F1_T,Precision_T,Recall_T
806_YAHOO_id_256_Synthetic_tr_500_1st_893.csv,Time_RCD,118,win_size,15000,500,1421x1,921,921,921,1,1,1,1,1,1,1,0.18181818181818182,0.1,1,0.9999999500000026,1,1,0.5,0.3333333432674408,1
411_UCR_id_109_Environment_tr_2046_1st_4852.csv,Time_RCD,24,win_size,15000,2046,8184x1,6138,6138,6138,0.973826188,0.9997947454844007,0.9421987482837304,0.999696277,0.9038461538461539,0.8392857142857143,0.9791666666666666,0.8727272727272727,0.7741935483870968,1,0.9998157013428144,0.9997842417197257,0.9998472629521018,0.9056604504585266,0.8275862336158752,1
229_MGAB_id_5_Synthetic_tr_25000_1st_33098.csv,Time_RCD,49,win_size,15000,25000,100000x1,75000,75000,75000,0.034748902,0.6380175802139038,0.014487541,0.696798584,0.062678063,0.072847682,0.055,0.088170463,0.051679587,0.3,0.5689496506354769,0.39936957077956825,0.9888234390141367,0.056701031,0.058510638773441315,0.054999999701976776
017_NAB_id_17_Synthetic_tr_1007_1st_1805.csv,Time_RCD,100,win_size,15000,1007,4031x1,3024,3024,3024,0.22825489734225524,0.5019543776161146,0.2320944331334312,0.5245308568563155,0.20334928229665072,0.195852535,0.21144278606965175,0.9975186104218362,0.995049505,1,0.9695123126773028,0.9745539953873286,0.9645226249703862,0.4766817092895508,0.3202669024467468,0.931726336
400_UCR_id_98_Environment_tr_2046_1st_5391.csv,Time_RCD,24,win_size,15000,2046,8184x1,6138,6138,6138,0.006993007,0.9768616587909402,0.5557574159763974,0.9909142252770421,0.013422818791946308,0.006756757,1,0.013422818791946308,0.006756757,1,0.7630943026557594,0.6169382036186178,1,0.023255813866853714,0.011764706,1
137_WSD_id_109_WebService_tr_4559_1st_14404.csv,Time_RCD,30,win_size,15000,4559,18236x1,13677,13677,13677,0.11637341172324168,0.6179122348038862,0.044008494466316744,0.701810216,0.1839080459770115,0.2857142857142857,0.13559322033898305,0.4777327935222672,0.31382978723404253,1,0.9410144361633905,0.8905020459553037,0.9976020169355471,0.17098350822925568,0.22857142984867096,0.13657407462596893
807_YAHOO_id_257_WebService_tr_500_1st_1210.csv,Time_RCD,24,win_size,15000,500,1424x1,924,924,924,0.3383270679297945,0.9663402295868734,0.6332401501807817,0.9873088321276714,0.4117647058823529,0.27450980392156865,0.8235294117647058,0.5964912280701754,0.425,1,0.8991163415851958,0.8959828052718862,0.9022719734660033,0.5128205418586731,0.4166666567325592,0.6666666865348816
028_NAB_id_28_Facility_tr_1007_1st_3447.csv,Time_RCD,289,win_size,15000,1007,4031x1,3024,3024,3024,0.524241681,0.8924449982966057,0.6003342551940815,0.923893913,0.5573440643863179,0.49113475177304966,0.6441860465116279,0.9806157354618016,0.9619686800894854,1,0.9255040551895998,0.8699997719394271,0.9885731973668022,0.5506997108459473,0.4972972869873047,0.6169512271881104
058_WSD_id_30_WebService_tr_1136_1st_1236.csv,Time_RCD,9,win_size,15000,1136,18236x1,30000,17100,17100,0.5117120581127184,0.9743154692253686,0.15629907021520095,0.976502314,0.3076923076923077,0.2222222222222222,0.5,0.08839779,0.046242774566473986,1,0.9308354506691291,0.8706749512670565,0.9999269005847954,0.6666666865348816,0.6000000238418579,0.75
226_MGAB_id_2_Synthetic_tr_20000_1st_45134.csv,Time_RCD,49,win_size,15000,20000,80000x1,60000,60000,60000,0.15619992553259487,0.8048578826786312,0.092678773,0.8197352013692076,0.19900497512437812,0.32786885245901637,0.14285714285714285,0.2077922077922078,0.12698412698412698,0.5714285714285714,0.7825758013271139,0.8756166300005859,0.7074084424783335,0.1649484485387802,0.1589404046535492,0.17142857611179352
788_YAHOO_id_238_WebService_tr_500_1st_973.csv,Time_RCD,24,win_size,15000,500,1680x1,1180,1180,1180,1,1,1,1,1,1,1,0.15384615384615385,0.083333333,1,0.9999999500000026,1,1,0.5,0.3333333432674408,1
326_UCR_id_24_Medical_tr_1875_1st_4187.csv,Time_RCD,183,win_size,15000,1875,7501x1,5626,5626,5626,0.8653210215710215,0.9997921862011638,0.760181166,0.9995085685651771,0.8333333333333334,0.8333333333333334,0.8333333333333334,0.34782608695652173,0.21052631578947367,1,0.9997629234942012,0.9995852589169333,0.9999407512738476,0.888888955,0.800000012,1
315_UCR_id_13_HumanActivity_tr_16000_1st_33070.csv,Time_RCD,125,win_size,15000,16000,64000x1,60000,48000,48000,0.007027439,0.8409318703847833,0.007762257,0.8549808512544343,0.019402985074626865,0.009863429,0.5909090909090909,0.14075495841330773,0.075705437,1,0.6312709850991934,0.46123470594618066,0.9998822916666668,0.053793456,0.028151260688900948,0.6035537123680115
558_YAHOO_id_8_WebService_tr_500_1st_1125.csv,Time_RCD,24,win_size,15000,500,1427x1,927,927,927,0.076875213,0.4673848878394332,0.09359111,0.5375284825719658,0.11070110701107011,0.064935065,0.375,0.531561462,0.36199095022624433,1,0.5228443865743954,0.36094424787377033,0.9481201274205717,0.5,0.5,0.5
339_UCR_id_37_Sensor_tr_2750_1st_5400.csv,Time_RCD,81,win_size,15000,2750,11000x1,8250,8250,8250,0.12908458876640858,0.8703155279503105,0.2101454717529386,0.8947416029036659,0.3141654978962132,0.21832358674463936,0.56,0.8438818565400844,0.7299270072992701,1,0.9764086908819568,0.9765775401069519,0.97624,0.5699672698974609,0.5833333134651184,0.557200015
285_NEK_id_9_WebService_tr_500_1st_780.csv,Time_RCD,24,win_size,15000,500,1073x1,573,573,573,0.9538331746522406,0.9842094782954998,0.9685778863083828,0.9910757757145906,0.8955223880597015,0.967741935,0.8333333333333334,1,1,1,0.9945234477158166,1,0.9891066528690902,0.8424322605133057,0.8064516186714172,0.8817734122276306
293_TODS_id_7_Synthetic_tr_500_1st_7.csv,Time_RCD,100,win_size,15000,500,5000x1,4500,4500,4500,0.36790740205381206,0.9124051678700413,0.7541849176884685,0.9706452664363763,0.44941176470588234,0.3136288998357964,0.7925311203319502,0.5875912408759124,0.5244299674267101,0.6680497925311203,0.8780198307586794,0.851460986,0.9062889782339802,0.4429382085800171,0.30991968512535095,0.7760000228881836
516_UCR_id_214_HumanActivity_tr_2108_1st_4702.csv,Time_RCD,24,win_size,15000,2108,8432x1,6324,6324,6324,0.1028715684560238,0.9934799810096534,0.21169919998263245,0.9964761011302822,0.16666666666666666,0.14285714285714285,0.2,0.14285714285714285,0.076923077,1,0.933198331,0.8747628083491459,1,0.5714285373687744,0.4444444477558136,0.800000012
551_YAHOO_id_1_Synthetic_tr_500_1st_893.csv,Time_RCD,105,win_size,15000,500,1421x1,921,921,921,1,1,1,1,1,1,1,0.18181818181818182,0.1,1,0.9999999500000026,1,1,0.5,0.3333333432674408,1
649_YAHOO_id_99_WebService_tr_500_1st_1386.csv,Time_RCD,168,win_size,15000,500,1680x1,1180,1180,1180,1,1,1,1,1,1,1,0.15384615384615385,0.083333333,1,0.9999999500000026,1,1,0.5,0.3333333432674408,1
555_YAHOO_id_5_WebService_tr_500_1st_730.csv,Time_RCD,24,win_size,15000,500,1680x1,1180,1180,1180,1,1,0.973893419,0.999944493,1,1,1,0.5,0.3333333333333333,1,0.9999999500000026,1,1,0.8571428656578064,1,0.75
334_UCR_id_32_HumanActivity_tr_1671_1st_2764.csv,Time_RCD,115,win_size,15000,1671,6684x1,5013,5013,5013,0.039085156,0.46068500020821224,0.043840103,0.4937135765612797,0.062819576,0.034303949,0.3722943722943723,0.3326133909287257,0.19948186528497408,1,0.719157189,0.5762714616415925,0.9562609077869401,0.31343284249305725,0.18584071099758148,1
018_NAB_id_18_Facility_tr_500_1st_669.csv,Time_RCD,125,win_size,15000,500,1881x1,1381,1381,1381,0.2208616259867744,0.4917559879438569,0.3771156586574602,0.6674647833794651,0.2865853658536585,0.3357142857142857,0.25,0.8300220750551877,0.7094339622641509,1,0.8242907742775047,0.7421414843702947,0.9268904486086934,0.3444705009460449,0.28928571939468384,0.4256727695465088
724_YAHOO_id_174_WebService_tr_500_1st_1030.csv,Time_RCD,24,win_size,15000,500,1680x1,1180,1180,1180,0.8204081632653062,0.9925106382978723,0.8270865948735105,0.9945907881305708,0.8888888888888888,1,0.8,0.47058823529411764,0.3333333333333333,0.8,0.9594063049230476,0.9317900141592264,0.9887096774193548,0.75,1,0.6000000238418579
228_MGAB_id_4_Synthetic_tr_25000_1st_38948.csv,Time_RCD,48,win_size,15000,25000,100000x1,75000,75000,75000,0.065270652,0.7524349933155081,0.038380481214280615,0.8060854872779121,0.10416666666666667,0.079787234,0.15,0.12519561815336464,0.074211503,0.4,0.7760524004359748,0.6696812381305062,0.9225963324412021,0.10318507254123688,0.079787232,0.1459999978542328
262_IOPS_id_3_WebService_tr_7028_1st_7128.csv,Time_RCD,6,win_size,15000,7028,125135x1,120000,118107,118107,0.6261817365462763,0.970412814,0.5440071097333538,0.957428577,0.6643122020130673,0.6356877323420075,0.6956360946745562,0.8816749903956973,0.9172661870503597,0.8487426035502958,0.8938378095557682,0.8481539401888999,0.9447232700800031,0.551879883,0.531033456,0.5744298100471497
530_UCR_id_228_HumanActivity_tr_16250_1st_38500.csv,Time_RCD,125,win_size,15000,16250,65000x1,60000,48750,48750,0.07339182,0.9319012383900929,0.078066183,0.9423364019022746,0.16156462585034015,0.092592593,0.6333333333333333,0.5791505791505791,0.4076086956521739,1,0.6366576661973907,0.4671030155469325,0.9994502222222221,0.24895399808883667,0.15775635838508606,0.5900664329528809
579_YAHOO_id_29_WebService_tr_500_1st_1342.csv,Time_RCD,24,win_size,15000,500,1680x1,1180,1180,1180,1,1,1,1,1,1,1,0.15384615384615385,0.083333333,1,0.9999999500000026,1,1,0.5,0.3333333432674408,1
299_TODS_id_13_Synthetic_tr_500_1st_65.csv,Time_RCD,100,win_size,15000,500,5000x1,4500,4500,4500,0.6979873034332698,0.9383340707154388,0.8890414098064117,0.9853573784861578,0.6547884187082406,0.6933962264150944,0.620253165,0.8899297423887588,1,0.8016877637130801,0.8876383479148049,0.8793428451029894,0.8960919586628368,0.8253546357154846,0.949367106,0.7299976348876953
298_TODS_id_12_Synthetic_tr_500_1st_0.csv,Time_RCD,100,win_size,15000,500,5000x1,4500,4500,4500,0.87092323,0.9777351595100822,0.9731304760018066,0.9976519339223047,0.8063943161634103,0.8533834586466166,0.7643097643097643,0.9468085106382979,1,0.898989899,0.9560380818473369,0.9714725497215256,0.9410864772950522,0.8770787119865417,0.8909422159194946,0.8636400103569031
288_TODS_id_2_Synthetic_tr_500_1st_65.csv,Time_RCD,100,win_size,15000,500,5000x1,4500,4500,4500,0.8599109320203453,0.9425765896242954,0.9181471915352272,0.9737385346354482,0.831918506,0.9210526315789473,0.7585139318885449,0.9045226130653267,0.9854014598540146,0.8359133126934984,0.797892135,0.8302235707810766,0.7679845710620212,0.6904948353767395,0.9747558832168579,0.5345948338508606
396_UCR_id_94_Medical_tr_1875_1st_5607.csv,Time_RCD,154,win_size,15000,1875,7501x1,5626,5626,5626,0.48991837705897623,0.9940597858083123,0.3478027160244399,0.9945526002890738,0.4631578947368421,0.3235294117647059,0.8148148148148148,0.5806451612903226,0.4090909090909091,1,0.9990955897978225,1,0.9981929138523521,0.46938779950141907,0.3239436745643616,0.8518518805503845
006_NAB_id_6_Traffic_tr_2579_1st_5839.csv,Time_RCD,125,win_size,15000,2579,10319x1,7740,7740,7740,0.3853249428178186,0.7647523620737053,0.46326903975214095,0.8481745569316511,0.4404494382022472,0.4100418410041841,0.47572815533980584,0.8547717842323651,0.9175946547884187,0.8,0.8813118947245396,0.7973105365549138,0.9850978637018093,0.4384051561355591,0.414281964,0.46551141142845154
026_NAB_id_26_Traffic_tr_624_1st_2261.csv,Time_RCD,8,win_size,15000,624,2499x1,1875,1875,1875,0.17211117659862812,0.3744423853842087,0.1687006127801045,0.37520542259694883,0.2191358024691358,0.17317073170731706,0.29831932773109243,0.9875518672199171,0.9754098360655737,1,0.9727862685866405,1,0.9470145658263305,0.2244318425655365,0.12646745145320892,0.9957982897758484
151_Stock_id_3_Finance_tr_500_1st_62.csv,Time_RCD,125,win_size,15000,500,10000x1,9500,9500,9500,0.071494063,0.5912564916384668,0.8010004286408995,0.9301896898160206,0.13106020245071923,0.087295955,0.26282051282051283,0.13515565679574792,0.10482921083627797,0.19017094017094016,0.45274430008481326,0.5818654510636734,0.37052218832673217,0.12782295048236847,0.085159205,0.25615212321281433
358_UCR_id_56_Facility_tr_10500_1st_29080.csv,Time_RCD,37,win_size,15000,10500,42000x1,45000,31500,31500,0.002612396,0.6661169423240033,0.002928909,0.6818825852818674,0.007366483,0.003697329,0.9666666666666667,0.036708474,0.018697414,1,0.7831278024536592,0.6439454049135576,0.9990661375661376,0.011756481602787971,0.005914194,0.9669444561004639
644_YAHOO_id_94_WebService_tr_500_1st_1078.csv,Time_RCD,24,win_size,15000,500,1435x1,935,935,935,0.8712988543877062,0.9900930232558139,0.9286712656967522,0.9948541349222644,0.8571428571428571,0.75,1,0.961038961,0.9367088607594937,0.9866666666666667,0.9661947760478693,0.9346004936729606,1,0.831637979,0.7117981910705566,1
269_IOPS_id_10_WebService_tr_1216_1st_1728.csv,Time_RCD,15,win_size,15000,1216,4866x1,3650,3650,3650,0.9480064088059136,0.9960385153783813,0.9559504931381989,0.9987112336893751,0.9484536082474226,0.9583333333333334,0.9387755102040817,0.98989899,0.98,1,0.9991365674570107,1,0.9982747244867021,0.8341290950775146,0.978260875,0.7270146012306213
493_UCR_id_191_Sensor_tr_2847_1st_9330.csv,Time_RCD,98,win_size,15000,2847,11388x1,8541,8541,8541,0.11739033192469586,0.9217559488922753,0.12835393784877802,0.9579349026313421,0.18181818181818182,1,0.1,0.19230769230769232,0.10638297872340426,1,0.6990163454375411,0.5374370682589861,0.9995199625336613,0.0625,0.033333335,0.5
430_UCR_id_128_HumanActivity_tr_12500_1st_46500.csv,Time_RCD,125,win_size,15000,12500,50000x1,45000,37500,37500,0.021816607522041447,0.7765379032258064,0.027638204796852344,0.8099710982379174,0.059431524547803614,0.032212885,0.38333333333333336,0.4850444624090542,0.32017075773745995,1,0.8111170352876365,0.6835878180354265,0.9971427555555556,0.07087484,0.042073171585798264,0.22468669712543488
032_WSD_id_4_WebService_tr_4559_1st_11822.csv,Time_RCD,30,win_size,15000,4559,10686x1,6127,6127,6127,0.1212192265216142,0.748550843,0.084910268,0.8790808755624937,0.14814814814814814,0.2857142857142857,0.1,0.4,0.25,1,0.9350671712890085,0.8791251836135139,0.9986126978945651,0.11290322244167328,0.061403509229421616,0.699999988
009_NAB_id_9_Traffic_tr_500_1st_438.csv,Time_RCD,128,win_size,15000,500,2161x1,1661,1661,1661,0.33795118035613786,0.7759632537336585,0.44744588975341065,0.8468625684667787,0.39590443686006827,0.4172661870503597,0.37662337662337664,0.9807692307692307,0.9683544303797469,0.9935064935064936,0.944670353,0.9086574352799519,0.9836557933336982,0.8191489577293396,0.6936936974525452,1
010_NAB_id_10_WebService_tr_500_1st_271.csv,Time_RCD,142,win_size,15000,500,1000x1,500,500,500,0.4275757288977256,0.7351585545722714,0.5983596018269345,0.8558988232027316,0.4810126582278481,0.6129032258064516,0.3958333333333333,0.9896907216494846,0.9795918367346939,1,0.9869890917983302,1,0.9743124999999999,0.47487369179725647,0.6129032373428345,0.3875868022441864
316_UCR_id_14_Sensor_tr_2833_1st_5988.csv,Time_RCD,98,win_size,15000,2833,11334x1,8501,8501,8501,0.095310046,0.9478304391134316,0.13803042820235306,0.9607064314530698,0.233387358,0.13846153846153847,0.7422680412371134,0.4987146529562982,0.3321917808219178,1,0.9631421632170011,0.9290293937982446,0.9998556870810833,0.48511600494384766,0.38728323578834534,0.6490827202796936
680_YAHOO_id_130_Synthetic_tr_500_1st_893.csv,Time_RCD,118,win_size,15000,500,1421x1,921,921,921,1,1,1,1,1,1,1,0.18181818181818182,0.1,1,0.9999999500000026,1,1,0.5,0.3333333432674408,1
349_UCR_id_47_Facility_tr_29954_1st_74900.csv,Time_RCD,96,win_size,15000,29954,119819x1,90000,89865,89865,0.001110787,0.38931637499210936,0.001923928,0.5220788230308766,0.003927596,0.001980028,0.23958333333333334,0.036130974783590515,0.018397853583748562,1,0.7824301719739554,0.6932803576950124,0.8978912813664942,0.005892945,0.002969807,0.375
393_UCR_id_91_Environment_tr_2046_1st_4852.csv,Time_RCD,24,win_size,15000,2046,8184x1,6138,6138,6138,0.9632034150267322,0.9997160645867542,0.9429390005896855,0.9997007666368789,0.9038461538461539,0.8392857142857143,0.9791666666666666,0.8727272727272727,0.7741935483870968,1,0.9996527769983541,1,0.9993058949712174,0.888888955,0.800000012,1
689_YAHOO_id_139_WebService_tr_500_1st_1073.csv,Time_RCD,24,win_size,15000,500,1680x1,1180,1180,1180,1,1,1,1,1,1,1,0.15384615384615385,0.083333333,1,0.9999999500000026,1,1,0.5,0.3333333432674408,1
130_WSD_id_102_WebService_tr_2362_1st_2462.csv,Time_RCD,29,win_size,15000,2362,18236x1,30000,15874,15874,0.34761056278751934,0.819064533,0.37630638640094766,0.9047096550382641,0.44837758112094395,0.5277777777777778,0.38974358974358975,0.8280254777070064,0.7065217391304348,1,0.9547259482629569,0.9235333695185111,0.9880993635556945,0.5251687169075012,0.5492957830429077,0.5030719637870789
074_WSD_id_46_WebService_tr_990_1st_1090.csv,Time_RCD,16,win_size,15000,990,18236x1,30000,17246,17246,0.1377158424536337,0.7508553578836908,0.087642787,0.7656803891595297,0.17278617710583152,0.23121387283236994,0.13793103448275862,0.453382084,0.48249027237354086,0.42758620689655175,0.759019321,0.7055080987759982,0.8213142933389277,0.15726438164710999,0.23121386766433716,0.11915489286184311
361_UCR_id_59_Medical_tr_3000_1st_7175.csv,Time_RCD,218,win_size,15000,3000,12000x1,9000,9000,9000,0.9199364147504715,0.995963414,0.9102784961024523,0.9973517695111237,0.8351063829787234,0.9631901840490797,0.7370892018779343,1,1,1,0.998875578,1,0.997753782,0.9185561537742615,0.9552238583564758,0.8845994472503662
307_UCR_id_5_Facility_tr_29895_1st_39240.csv,Time_RCD,96,win_size,15000,29895,119580x1,90000,89685,89685,0.00054419,0.011090461254543903,0.000714623,0.015066304206428249,0,0,0,0,0,0,0.7711311367880052,0.632816491,0.9868205385515972,0.017539594,0.008866574,0.8034770488739014
391_UCR_id_89_Medical_tr_1875_1st_5759.csv,Time_RCD,183,win_size,15000,1875,7500x1,5625,5625,5625,0.22045637908217425,0.885737649,0.26265072518677623,0.9270130833131871,0.36619718309859156,0.41935483870967744,0.325,0.8888888888888888,0.8,1,0.7782005541481423,0.6392739555555556,0.9942761111111112,0.36110323667526245,0.4094488322734833,0.3229687511920929
723_YAHOO_id_173_WebService_tr_500_1st_1214.csv,Time_RCD,48,win_size,15000,500,1420x1,920,920,920,1,1,0.905329701,0.9997936499664017,1,1,1,0.3333333333333333,0.2,1,0.9999999500000026,1,1,0.6153846383094788,0.4444444477558136,1
089_WSD_id_61_WebService_tr_1010_1st_1110.csv,Time_RCD,125,win_size,15000,1010,17429x1,30000,16419,16419,0.077442073,0.7765871279525651,0.10741431284576246,0.7945740966725348,0.13908205841446453,0.10460251046025104,0.2074688796680498,0.33866666666666667,0.24950884086444008,0.5269709543568465,0.7056965092532702,0.6650062764619226,0.7516908835807056,0.15795345604419708,0.1351626068353653,0.18998906016349792
571_YAHOO_id_21_Synthetic_tr_500_1st_623.csv,Time_RCD,35,win_size,15000,500,1421x1,921,921,921,0.9094356261022929,0.9990253411306043,0.9820605815874914,0.999834024,0.8571428571428571,0.75,1,0.9,0.8181818181818182,1,0.9975000015722513,0.9951834463571553,0.9998274672187716,0.8571428656578064,0.75,1
149_Stock_id_1_Finance_tr_500_1st_7.csv,Time_RCD,112,win_size,15000,500,20000x1,30000,19500,19500,0.16806623641051605,0.6648804820243129,0.8266572083246375,0.9376104278276342,0.1967556253270539,0.19624217118997914,0.19727177334732424,0.20263852242744063,0.20382165605095542,0.20146904512067157,0.541049988,0.677922394,0.45016236939953097,0.1900767982006073,0.19236193597316742,0.18784530460834503
500_UCR_id_198_Facility_tr_7482_1st_23357.csv,Time_RCD,168,win_size,15000,7482,29931x1,30000,22449,22449,0.21370204564400638,0.9722546667270285,0.2433868324733507,0.9749339587698165,0.39111111111111113,0.26666666666666666,0.7333333333333333,0.7453416149068323,0.594059406,1,0.7894183367855033,0.6521670986714498,0.9998385847427007,0.45119982957839966,0.32758620381355286,0.7246407866477966
227_MGAB_id_3_Synthetic_tr_25000_1st_44340.csv,Time_RCD,48,win_size,15000,25000,100000x1,75000,75000,75000,0.13450292409915343,0.6524605280748663,0.038408618,0.7130116901694382,0.2753623188405797,0.5,0.19,0.163599182,0.10282776349614396,0.4,0.7367946966441694,0.6313565075885404,0.884510358,0.24712644517421722,0.29054054617881775,0.2150000035762787
658_YAHOO_id_108_Synthetic_tr_500_1st_893.csv,Time_RCD,125,win_size,15000,500,1421x1,921,921,921,1,1,1,1,1,1,1,0.18181818181818182,0.1,1,0.9999999500000026,1,1,0.5,0.3333333432674408,1
060_WSD_id_32_WebService_tr_4576_1st_4766.csv,Time_RCD,20,win_size,15000,4576,18305x1,13729,13729,13729,0.053109362,0.7989120503268453,0.032625828,0.8503654406162746,0.064864865,0.072289157,0.058823529411764705,0.49032258064516127,0.36538461538461536,0.7450980392156863,0.87053215,0.8108224255541985,0.939735243,0.068228625,0.11428571492433548,0.048630536
068_WSD_id_40_WebService_tr_4549_1st_13322.csv,Time_RCD,30,win_size,15000,4549,18197x1,13648,13648,13648,0.077763029,0.838460974,0.028394778192407433,0.8719561022952894,0.093023256,0.14285714285714285,0.068965517,0.14772727272727273,0.088435374,0.4482758620689655,0.8267436378293219,0.7050807219369153,0.9991485992584583,0.065573767,0.057142857,0.07692308
302_Power_id_1_Facility_tr_7685_1st_7785.csv,Time_RCD,96,win_size,15000,7685,35040x1,30000,27355,27355,0.2380780980977964,0.7229595770888935,0.25670427288856845,0.7462521803743821,0.3645366658806885,0.28201386355344765,0.5153333333333333,0.8984725965858041,0.8156606851549756,1,0.87175918,0.8124868468209233,0.9403602044296356,0.36525779962539673,0.2845049798488617,0.510019839
494_UCR_id_192_Facility_tr_22500_1st_72150.csv,Time_RCD,125,win_size,15000,22500,90000x1,75000,67500,67500,0.4546222362833294,0.8927369410373363,0.2837097376251799,0.9085212452398691,0.4808743169398907,0.6470588235294118,0.3826086956521739,0.5798319327731093,0.40828402366863903,1,0.9992522415914196,1,0.9985057004830921,0.5645999908447266,0.7828282713890076,0.44151827692985535
225_MGAB_id_1_Synthetic_tr_25000_1st_38478.csv,Time_RCD,49,win_size,15000,25000,100000x1,75000,75000,75000,0.10764003705495649,0.6273644050802138,0.016888423664561315,0.7226801744097938,0.16666666666666666,0.3026315789473684,0.115,0.083507307,0.052770448548812667,0.2,0.711301359,0.5775822299880906,0.9255896606258807,0.1367446780204773,0.14361701905727386,0.13050000369548798
437_UCR_id_135_Medical_tr_2499_1st_8000.csv,Time_RCD,26,win_size,15000,2499,9998x1,7499,7499,7499,0.017207696,0.907968959,0.021802085073364102,0.9152799690298582,0.0499002,0.025588536,1,0.09310987,0.048828125,1,0.8089943842260826,0.6794256565231227,0.999626617,0.13681210577487946,0.079268292,0.4991999864578247
289_TODS_id_3_Synthetic_tr_500_1st_26.csv,Time_RCD,100,win_size,15000,500,5000x1,4500,4500,4500,0.6183852749745418,0.8791662531681421,0.9367510109672866,0.9806497139832416,0.5879265091863517,0.6511627906976745,0.5358851674641149,0.7771428571428571,0.9645390070921985,0.6507177033492823,0.7648500741295582,0.8640718966749301,0.6860685557516372,0.6074799299240112,0.9620253443717957,0.44388890266418457
459_UCR_id_157_HumanActivity_tr_50000_1st_110260.csv,Time_RCD,125,win_size,15000,50000,200000x1,150000,150000,150000,0.017434400900091664,0.9730587082629696,0.019945523,0.9730767032777495,0.050706567,0.026180257510729613,0.8026315789473685,0.1190755973364669,0.063306955,1,0.7262296897468599,0.5701418509476038,1,0.12634029984474182,0.069067299,0.7398478984832764
526_UCR_id_224_Sensor_tr_2827_1st_4711.csv,Time_RCD,98,win_size,15000,2827,11308x1,8481,8481,8481,0.9937415992037841,0.9998928833134112,0.979394352,0.9998583515622567,0.9791666666666666,1,0.9591836734693877,1,1,1,0.9999837069461641,1,0.9999675144199882,0.9746193289756775,0.9696969985961914,0.9795918464660645
139_WSD_id_111_WebService_tr_1701_1st_1801.csv,Time_RCD,125,win_size,15000,1701,18381x1,30000,16680,16680,0.8482317204020856,0.9753420463275263,0.8914817059381117,0.9987978217908197,0.8441558441558441,0.9701492537313433,0.7471264367816092,0.6541353383458647,0.4860335195530726,1,0.9536747278236071,0.9115757956138637,0.9998505201581798,0.7868370413780212,0.8452380895614624,0.7359848618507385
310_UCR_id_8_HumanActivity_tr_2631_1st_8285.csv,Time_RCD,24,win_size,15000,2631,10524x1,7893,7893,7893,0.015889144,0.8834244775107042,0.01667302,0.889610693,0.043548387096774194,0.02231405,0.9,0.10638297872340426,0.056179775280898875,1,0.6239508949742376,0.5036183582278649,0.8198403648802736,0.063079782,0.033398822,0.5666666626930237
419_UCR_id_117_Facility_tr_3000_1st_6168.csv,Time_RCD,218,win_size,15000,3000,12000x1,9000,9000,9000,0.005446827,0.5708488976409923,0.008000013,0.618292651,0.015497011290679655,0.007824726,0.7954545454545454,0,0,0,0.609752092,0.45184159779614325,0.9373333333333332,0.042808447033166885,0.021959459,0.8465322256088257
780_YAHOO_id_230_Synthetic_tr_500_1st_893.csv,Time_RCD,154,win_size,15000,500,1421x1,921,921,921,1,1,1,1,1,1,1,0.18181818181818182,0.1,1,0.9999999500000026,1,1,0.5,0.3333333432674408,1
313_UCR_id_11_Sensor_tr_2827_1st_4711.csv,Time_RCD,98,win_size,15000,2827,11308x1,8481,8481,8481,0.95742116,0.9991856697349105,0.9301348707718757,0.9991691840583118,0.9180327868852459,0.9882352941176471,0.8571428571428571,0.9949238578680203,0.98989899,1,0.9998723977517143,1,0.9997449280384244,0.9702970385551453,0.942307711,1
039_WSD_id_11_WebService_tr_1746_1st_1846.csv,Time_RCD,125,win_size,15000,1746,18219x1,30000,16473,16473,0.6294821979973695,0.9749185447276139,0.6849837979089342,0.9922742703863366,0.6331658291457286,0.9402985074626866,0.4772727272727273,0.7521367521367521,0.6027397260273972,1,0.9797284164529169,0.9999586209179536,0.9603006323809176,0.7561132311820984,0.8139534592628479,0.7059478759765625
165_Stock_id_17_Finance_tr_500_1st_7.csv,Time_RCD,249,win_size,15000,500,20000x1,30000,19500,19500,0.18531199099335582,0.5491305615664426,0.9734126333222002,0.9828876960765202,0.24052201205913934,0.15524043074954685,0.53372434,0.2425909716143554,0.18409565382425508,0.3555718475073314,0.3902099451104588,0.5812250434422696,0.2936908081447248,0.22365312278270721,0.1272915005683899,0.9204414486885071
562_YAHOO_id_12_Synthetic_tr_500_1st_893.csv,Time_RCD,126,win_size,15000,500,1421x1,921,921,921,1,1,1,1,1,1,1,0.18181818181818182,0.1,1,0.9999999500000026,1,1,0.5,0.3333333432674408,1
295_TODS_id_9_Synthetic_tr_1250_1st_2046.csv,Time_RCD,99,win_size,15000,1250,5000x1,3750,3750,3750,0.9187173608600698,0.9815445665445667,0.9855837320972989,0.997606775,0.8557213930348259,0.8309178743961353,0.882051282,0.9731113956466069,0.9718670076726342,0.9743589743589743,0.9809345138194492,0.9718697373118012,0.9901700813454375,0.8003865480422974,0.8264226913452148,0.7759408950805664
296_TODS_id_10_Synthetic_tr_500_1st_26.csv,Time_RCD,100,win_size,15000,500,5000x1,4500,4500,4500,0.5932672013713138,0.8340010455550618,0.9444317289474355,0.9791488625306022,0.6283783783783784,0.8230088495575221,0.5081967213114754,0.7291666666666666,1,0.5737704918032787,0.7670279684098603,0.7588301979198413,0.7754048992717159,0.6437968611717224,0.8185840845108032,0.5305185317993164
013_NAB_id_13_Traffic_tr_623_1st_2084.csv,Time_RCD,247,win_size,15000,623,2494x1,1871,1871,1871,0.5496589168653463,0.834960646,0.656577327,0.9118583821751965,0.5139664804469274,0.47750865051903113,0.5564516129032258,1,1,1,0.9520674944521824,1,0.9085199520185021,0.511316717,0.4655737578868866,0.5670276284217834
331_UCR_id_29_Facility_tr_50000_1st_837400.csv,Time_RCD,125,win_size,15000,50000,900000x1,855000,850000,850000,0.001031695,0.049600505162574283,0.001088922,0.051188806192753726,0,0,0,0,0,0,0.7785130861810982,0.6402369554429854,0.9929717647058823,0.004297542,0.002153425,0.9941297173500061
504_UCR_id_202_Environment_tr_2046_1st_5549.csv,Time_RCD,24,win_size,15000,2046,8184x1,6138,6138,6138,0.84455867,0.9973624794745484,0.8142269743499142,0.9978171994761353,0.782608696,0.8181818181818182,0.75,0.8,0.6666666666666666,1,0.9994962349014296,0.9997580892009045,0.9992346176821982,0.7578948140144348,0.7659574747085571,0.75
106_WSD_id_78_WebService_tr_3363_1st_3463.csv,Time_RCD,125,win_size,15000,3363,18236x1,14873,14873,14873,0.8698358561922966,0.9670744376626731,0.8992152230162601,0.9960110753305035,0.865,0.9664804469273743,0.7828054298642534,0.955503513,0.9902912621359223,0.9230769230769231,0.9977706328482898,0.9968807843957604,0.9986621715145948,0.5139420628547668,0.8392857313156128,0.37037035822868347
162_Stock_id_14_Finance_tr_500_1st_4.csv,Time_RCD,125,win_size,15000,500,10000x1,9500,9500,9500,0.14859185883678933,0.5326853794830676,0.9330795588817122,0.9621553037838816,0.23295830575777632,0.14880574931304164,0.5361766945925361,0.21573604060913706,0.16178149980966883,0.32368621477532367,0.3336672434218765,0.556373719,0.23828576292559014,0.22770005464553833,0.13162435591220856,0.8430944085121155
263_IOPS_id_4_WebService_tr_3482_1st_3582.csv,Time_RCD,125,win_size,15000,3482,149123x1,150000,145641,145641,0.5689717676630204,0.9814413746329816,0.48357348194872934,0.9940440327768447,0.5293159609120521,0.7420091324200914,0.41139240506329117,0.5837359098228664,0.4279811097992916,0.9177215189873418,0.9485979090217904,0.9380305998067484,0.9594061236291538,0.5656783580780029,0.8469945192337036,0.42464056611061096
552_YAHOO_id_2_Synthetic_tr_500_1st_893.csv,Time_RCD,100,win_size,15000,500,1421x1,921,921,921,1,1,1,1,1,1,1,0.18181818181818182,0.1,1,0.9999999500000026,1,1,0.5,0.3333333432674408,1
284_NEK_id_8_WebService_tr_500_1st_976.csv,Time_RCD,24,win_size,15000,500,1073x1,573,573,573,0.9635816044349628,0.9923159067694308,0.9666682571799947,0.9950839400155271,0.9485714285714286,0.9651162790697675,0.9325842696629213,1,1,1,0.9967820814949886,0.9949436993473427,0.9986273702374651,0.9479768872261047,0.976190448,0.9213483333587646
271_IOPS_id_12_WebService_tr_500_1st_341.csv,Time_RCD,288,win_size,15000,500,8784x1,8284,8284,8284,0.6639885644342965,0.939855284,0.5622951931295169,0.9248327525762893,0.7040816326530612,0.8313253012048193,0.6106194690265486,0.8660714285714286,0.8738738738738738,0.8584070796460177,0.7439532551574615,0.8435077494125185,0.6654178072921707,0.4513781666755676,0.7799999713897705,0.3175789415836334
005_NAB_id_5_Traffic_tr_594_1st_1645.csv,Time_RCD,22,win_size,15000,594,2379x1,1785,1785,1785,0.08594843,0.2693557060833383,0.087872423,0.27363987092539543,0.1265597147950089,0.080316742,0.29831932773109243,0.5586854460093896,0.38762214983713356,1,0.6642262736765088,0.5871235994397759,0.7646411505778782,0.25605163,0.1468229442834854,1
471_UCR_id_169_Facility_tr_10000_1st_35774.csv,Time_RCD,108,win_size,15000,10000,40000x1,30000,30000,30000,0.038841301838308244,0.748057525,0.063172506,0.8592339441571877,0.14587332053742802,0.090261283,0.38,0.40899795501022496,0.2570694087403599,1,0.6834164183066728,0.5573696721311475,0.8831333333333333,0.19405941665172577,0.1209876537322998,0.49000000953674316
232_MGAB_id_8_Synthetic_tr_25000_1st_32708.csv,Time_RCD,49,win_size,15000,25000,100000x1,75000,75000,75000,0.12965237350030925,0.870852507,0.052880013685349364,0.9151877353088678,0.21014492753623187,0.3815789473684211,0.145,0.1996007984031936,0.12468827930174564,0.5,0.7923939894271004,0.7188229243561387,0.8827421971207009,0.19072164595127106,0.19680851697921753,0.1850000023841858
439_UCR_id_137_HumanActivity_tr_48750_1st_110800.csv,Time_RCD,125,win_size,15000,48750,195000x1,150000,146250,146250,0.001265823,0.9946050913168637,0.6374787326485248,0.99915629,0.002270148,0.001136364,1,0.00136612,0.000683527,1,0.7102014484839356,0.5506318739461596,0.9999931623931624,0.005037784,0.002525253,1
155_Stock_id_7_Finance_tr_500_1st_18.csv,Time_RCD,243,win_size,15000,500,20000x1,30000,19500,19500,0.2215055860939931,0.6841844821845954,0.9223947458666448,0.9729586772956693,0.24683122081387593,0.3375912408759124,0.19453207150368035,0.2511505588428665,0.3350877192982456,0.20084121976866456,0.5553941236688581,0.6829139434698093,0.4680042514311612,0.23520079255104065,0.3257713317871094,0.18403548002243042
236_SED_id_3_Medical_tr_3740_1st_3840.csv,Time_RCD,125,win_size,15000,3740,39999x1,45000,36259,36259,0.3801597661764754,0.8656618234760362,0.5266698432518504,0.9288447018752438,0.44576405384006335,0.5341555977229602,0.38247282608695654,0.5953488372093023,0.6288737717309146,0.5652173913043478,0.7731723238489104,0.6671632158417221,0.9192344920839308,0.4424404799938202,0.5222607851028442,0.38378435373306274
432_UCR_id_130_Facility_tr_23000_1st_26970.csv,Time_RCD,262,win_size,15000,23000,92000x1,75000,69000,69000,0.049135467178997874,0.9609561863173218,0.051516237,0.9611524409030424,0.12019858897308597,0.065211228,0.7666666666666667,0.4672897196261682,0.3048780487804878,1,0.9427200970814656,0.8930564275623922,0.9982328260869565,0.8579585552215576,0.7550504803657532,0.9933444261550903
499_UCR_id_197_Environment_tr_2046_1st_5703.csv,Time_RCD,24,win_size,15000,2046,8184x1,6138,6138,6138,0.4973852188430513,0.989395922,0.4305315484823665,0.9913280638634047,0.6545454545454545,0.5806451612903226,0.75,0.5274725274725275,0.3582089552238806,1,0.9022832828151891,0.8223425320199513,0.999439964,0.6423584222793579,0.5806451439857483,0.71875
277_NEK_id_1_WebService_tr_500_1st_17.csv,Time_RCD,125,win_size,15000,500,1073x1,573,573,573,0,,0,0,0,0,0,0,0,0,0,0,0,1,1,1
292_TODS_id_6_Synthetic_tr_500_1st_11.csv,Time_RCD,100,win_size,15000,500,5000x1,4500,4500,4500,0.5285968411978839,0.7867416627173182,0.9515704491886994,0.9774847418318526,0.5517241379310345,0.8495575221238938,0.4085106382978723,0.5641025641025641,0.853448276,0.42127659574468085,0.7170656366179912,0.7833086006240267,0.6611532194940573,0.5503239035606384,0.8466076850891113,0.407657653
741_YAHOO_id_191_WebService_tr_500_1st_1114.csv,Time_RCD,24,win_size,15000,500,1680x1,1180,1180,1180,1,1,0.9373442067747467,0.9998669662346468,1,1,1,0.2857142857142857,0.16666666666666666,1,0.9999999500000026,1,1,0.800000012,0.6666666865348816,1
452_UCR_id_150_Facility_tr_10000_1st_35774.csv,Time_RCD,108,win_size,15000,10000,40000x1,30000,30000,30000,0.08896009,0.784226254,0.051175255,0.8686141134080159,0.091603053,0.1935483870967742,0.06,0.4140786749482402,0.26109660574412535,1,0.6510515029184089,0.48274286666666666,0.9995429999999998,0.096667081,0.054282267,0.44104498624801636
234_SED_id_1_Medical_tr_3740_1st_3840.csv,Time_RCD,125,win_size,15000,3740,19999x1,30000,16259,16259,0.3695162929139876,0.8171541372529795,0.5214084051423762,0.8963233695282428,0.44504310344827586,0.4609375,0.43020833333333336,0.5862595419847328,0.573134328,0.6,0.7528351422314017,0.7015236131258942,0.8122452924656424,0.44361409544944763,0.4608285129070282,0.4276394546031952
463_UCR_id_161_Environment_tr_2046_1st_6006.csv,Time_RCD,24,win_size,15000,2046,8184x1,6138,6138,6138,0.3313734749806352,0.9861555829228242,0.27721093,0.987889141,0.40594059405940597,0.2662337662337662,0.8541666666666666,0.6442953020134228,0.4752475247524752,1,0.9784657640247466,0.9631476050830889,0.9942791490170523,0.4288313686847687,0.2949640154838562,0.7851797938346863
346_UCR_id_44_Medical_tr_7456_1st_17390.csv,Time_RCD,33,win_size,15000,7456,29826x1,30000,22370,22370,0.4186699534719866,0.9870372163807415,0.290550378,0.9881217559760038,0.3935483870967742,0.3388888888888889,0.46923076923076923,0.625,0.45454545454545453,1,0.9984954202678961,1,0.9969954609538872,0.39071688055992126,0.3177570104598999,0.5071669816970825
166_Stock_id_18_Finance_tr_500_1st_18.csv,Time_RCD,50,win_size,15000,500,20000x1,30000,19500,19500,0.1709805699095678,0.5512513742891199,0.8596487923329639,0.9147230248691384,0.2482924869425472,0.15909793018226753,0.5651060716898317,0.24785532112218872,0.18143245078071962,0.39100219458668617,0.35337965163674584,0.5579069446535269,0.2585836093717012,0.22826705873012543,0.1443348526954651,0.5454545617103577
054_WSD_id_26_WebService_tr_2409_1st_2509.csv,Time_RCD,125,win_size,15000,2409,18391x1,30000,15982,15982,0.073408734,0.7676313905580052,0.050817852,0.9240182319675568,0.096385542,0.23529411764705882,0.060606061,0.37037037037037035,0.24509803921568626,0.7575757575757576,0.9047347654783217,0.8277201323803801,0.9975513314344034,0.083000794,0.097560972,0.072222225
301_TODS_id_15_Synthetic_tr_500_1st_245.csv,Time_RCD,99,win_size,15000,500,5000x1,4500,4500,4500,0.9364818544650781,0.9875792682926829,0.9400171188451175,0.9831519494291815,0.8729139922978177,0.8970976253298153,0.85,0.9731113956466069,0.9973753280839895,0.95,0.9307661473458676,0.9489417978924742,0.9132737660580942,0.8290107846260071,0.887207031,0.7779791951179504
268_IOPS_id_9_WebService_tr_6216_1st_6316.csv,Time_RCD,20,win_size,15000,6216,29133x1,30000,22917,22917,0.6985204567037319,0.9636347670126905,0.6881981427572716,0.9646519326381383,0.5872420262664165,0.8517006802721089,0.44810307802433785,0.992872416,0.9886444286728177,0.9971367215461704,0.9564196790276029,0.9372682200800709,0.9763702219616868,0.5390971899032593,0.6309834718704224,0.470570832
525_UCR_id_223_Facility_tr_50000_1st_250720.csv,Time_RCD,200,win_size,15000,50000,299790x1,255000,249790,249790,0.33847516960534624,0.9849758955422037,0.17742280695744236,0.9849548292201088,0.39270199826238056,0.45109780439121755,0.3476923076923077,0.3782368344486471,0.23322569070685326,1,0.9009103262018777,0.8199131317926106,0.99966486,0.40064916014671326,0.4444444477558136,0.3647107779979706
496_UCR_id_194_Environment_tr_2046_1st_5391.csv,Time_RCD,24,win_size,15000,2046,8184x1,6138,6138,6138,0.011363636363636364,0.9858236923578295,0.5633111402778639,0.9957161492386664,0.021276596,0.010752688172043012,1,0.021276596,0.010752688172043012,1,0.9802196172465588,0.9613572516798324,0.9998370804822417,0.0625,0.032258063554763794,1
421_UCR_id_119_HumanActivity_tr_48750_1st_130700.csv,Time_RCD,125,win_size,15000,48750,195000x1,150000,146250,146250,0.099603721,0.9325780161067773,0.10350155739583174,0.9372485795031732,0.1880752300920368,0.17816527672479152,0.19915254237288135,0.6594020676166527,0.49187161317215505,1,0.8067585315021987,0.6768471035137703,0.998384783,0.2720829248428345,0.179973304,0.5573140978813171
014_NAB_id_14_WebService_tr_500_1st_1045.csv,Time_RCD,23,win_size,15000,500,1537x1,1037,1037,1037,0.089279074,0.099762117,0.092606974,0.1065854351938136,0.013605442176870748,0.014084507042253521,0.013157894736842105,0.9681528662420382,0.9382716049382716,1,0.9624777760815157,1,0.9276696442166168,0.25399354100227356,0.1457528918981552,0.9868853688240051
281_NEK_id_5_WebService_tr_500_1st_974.csv,Time_RCD,24,win_size,15000,500,1073x1,573,573,573,0.9644154340658254,0.9831302717900656,0.9659888217698578,0.9859780632764127,0.9585798816568047,1,0.9204545454545454,1,1,1,0.9997519907050034,1,0.9995042043471364,0.9585798978805542,1,0.9204545617103577
260_IOPS_id_1_WebService_tr_5000_1st_11804.csv,Time_RCD,8,win_size,15000,5000,20000x1,15000,15000,15000,0.37782474199891397,0.9443385254809251,0.18120986994395152,0.9702677861435897,0.3333333333333333,0.3125,0.35714285714285715,0.16279069767441862,0.088607595,1,0.7022900192980435,0.5411778516057587,0.999995238,0.5874429941177368,0.7272727489471436,0.4927113652229309
283_NEK_id_7_WebService_tr_500_1st_777.csv,Time_RCD,24,win_size,15000,500,1073x1,573,573,573,0.9174913171755024,0.9642935982339955,0.9366073856572414,0.9754309469400024,0.8544600938967136,0.978494624,0.7583333333333333,1,1,1,0.9925161843029391,1,0.9851436500425095,0.8037829399108887,0.7862595319747925,0.8221052885055542
382_UCR_id_80_Medical_tr_7500_1st_11800.csv,Time_RCD,91,win_size,15000,7500,30000x1,30000,22500,22500,0.4130820186148036,0.9909502252252252,0.4298928518027051,0.9910058466383371,0.5760233918128655,0.5130208333333334,0.6566666666666666,0.8241758241758241,0.7009345794392523,1,0.7928538618528874,0.6570699201964395,0.9993756296296294,0.9517684578895569,0.9192546606063843,0.9866666793823242
276_IOPS_id_17_WebService_tr_19197_1st_19297.csv,Time_RCD,30,win_size,15000,19197,91370x1,75000,72173,72173,0.9292626190470701,0.9935555224456826,0.8765239367289767,0.9862191790449079,0.9073359073359073,0.9024577572964669,0.9122670807453416,0.9882491186839013,0.9972332015810277,0.9794254658385093,0.8936656131079909,0.8455987559449425,0.9475265142317697,0.6412712335586548,0.777235746,0.5457937121391296
415_UCR_id_113_Medical_tr_3000_1st_8612.csv,Time_RCD,218,win_size,15000,3000,12000x1,9000,9000,9000,0.8427725687359922,0.9974718542473713,0.9134020713273922,0.9991060935343563,0.7450980392156863,0.76,0.7307692307692307,0.9122807017543859,0.8387096774193549,1,0.9996437515429101,0.9997074829931973,0.9995801282051282,0.7089019417762756,0.6902654767036438,0.7285727262496948
001_NAB_id_1_Facility_tr_1007_1st_2014.csv,Time_RCD,6,win_size,15000,1007,4031x1,3024,3024,3024,0.13395314164720817,0.3342460658798607,0.13127986217699725,0.3367944946820483,0.1098546042003231,0.12318840579710146,0.099125364,0.9814020028612304,0.9634831460674157,1,0.9531550278904434,1,0.9105026518732657,0.20417800545692444,0.1136961281299591,1
406_UCR_id_104_Facility_tr_20000_1st_67950.csv,Time_RCD,276,win_size,15000,20000,80000x1,60000,60000,60000,0.5968444690308994,0.9873490878661088,0.423264206,0.9920673393693641,0.5939675174013921,0.7071823204419889,0.512,0.5313496280552603,0.361794501,1,0.9995551689244259,1,0.9991108333333334,0.6024091243743896,0.80794704,0.48023873567581177
274_IOPS_id_15_WebService_tr_4591_1st_4691.csv,Time_RCD,125,win_size,15000,4591,149132x1,150000,144541,144541,0.8589276366486717,0.9744594704297574,0.8408543172775659,0.9815990951056572,0.7846807172066688,0.8400404108435764,0.7361664453297919,0.9782608695652174,0.9872276483846731,0.9694555112881806,0.9321858438720256,0.9806824531421587,0.8882598050806183,0.5865247249603271,0.7187099456787109,0.4954091012477875
023_NAB_id_23_Facility_tr_4512_1st_16551.csv,Time_RCD,12,win_size,15000,4512,18049x1,13537,13537,13537,0.6312046772533948,0.8121398068648944,0.6322462283503296,0.8124440601749705,0.6918827029324267,0.952046784,0.5433911882510013,0.9986666666666667,0.9973368841544608,1,0.9921946975087492,0.9954878718027982,0.9889233390204937,0.6910626292228699,0.9564192891120911,0.5409712195396423
426_UCR_id_124_Sensor_tr_2827_1st_4711.csv,Time_RCD,98,win_size,15000,2827,11308x1,8481,8481,8481,0.9579037944336666,0.9991284596863915,0.9250482409075892,0.9989632231373838,0.9289617486338798,1,0.8673469387755102,1,1,1,0.9999518208985008,1,0.9999037464295941,0.9847716093063354,0.9797979593276978,0.9897959232330322
273_IOPS_id_14_WebService_tr_5569_1st_5669.csv,Time_RCD,125,win_size,15000,5569,149122x1,150000,143553,143553,0.16743943319278776,0.9355207742141718,0.15467394360385656,0.9703889067278044,0.21661538461538463,0.2037037037037037,0.23127463863337713,0.3300970873786408,0.2431592039800995,0.5137976346911958,0.8947138455930329,0.8674103475873636,0.9237921791197053,0.25968366861343384,0.23694443702697754,0.28725069761276245
701_YAHOO_id_151_Synthetic_tr_500_1st_893.csv,Time_RCD,156,win_size,15000,500,1421x1,921,921,921,1,1,1,1,1,1,1,0.18181818181818182,0.1,1,0.9999999500000026,1,1,0.5,0.3333333432674408,1
016_NAB_id_16_Environment_tr_1816_1st_3540.csv,Time_RCD,23,win_size,15000,1816,7266x1,5450,5450,5450,0.4847992046831147,0.8562542231408244,0.4790437864473401,0.8640476339867603,0.5883008356545961,0.49299719887955185,0.7292817679558011,0.8867115737905695,0.7964796479647965,1,0.8889048188281148,0.880722978,0.8972402043267349,0.6066272258758545,0.5217821598052979,0.7244231104850769
445_UCR_id_143_Environment_tr_6166_1st_19280.csv,Time_RCD,45,win_size,15000,6166,24667x1,30000,18501,18501,0.8868648209148365,0.9958586636497464,0.8680374306678573,0.9971369066868473,0.8737864077669902,0.9060402684563759,0.84375,0.8719346049046321,0.7729468599033816,1,0.9997355362846215,1,0.9994713123614941,0.8571428656578064,0.8518518805503845,0.862500012
156_Stock_id_8_Finance_tr_500_1st_24.csv,Time_RCD,6,win_size,15000,500,10000x1,9500,9500,9500,0.066197699,0.5721742252796025,0.14344289288935436,0.5499825049968448,0.1067643091154365,0.058549989,0.6048034934497817,0.10667752442996743,0.065565566,0.28602620087336245,0.4066395131082821,0.6023382669806713,0.3069213255465711,0.10550154745578766,0.057297710329294205,0.6647331714630127
015_NAB_id_15_Synthetic_tr_1007_1st_2787.csv,Time_RCD,288,win_size,15000,1007,4031x1,3024,3024,3024,0.8549791680249703,0.9660705371996743,0.9296812759170177,0.9855386628829449,0.7996357012750456,0.7504273504273504,0.8557504873294347,1,1,1,0.9883757021424053,0.9991288487984523,0.9778516507317677,0.7967395186424255,0.7461928725242615,0.8546317219734192
008_NAB_id_8_Synthetic_tr_1007_1st_2734.csv,Time_RCD,71,win_size,15000,1007,4031x1,3024,3024,3024,0.7381484546010738,0.8126861876733799,0.7696972372800132,0.8406271461188042,0.7780821917808219,0.8658536585365854,0.7064676616915423,1,1,1,0.9877280633858515,0.9912488708220417,0.9842322777646161,0.7804878354072571,0.8571428656578064,0.7164179086685181
020_NAB_id_20_Synthetic_tr_1007_1st_2679.csv,Time_RCD,288,win_size,15000,1007,4031x1,3024,3024,3024,0.8025745570530421,0.9127828003508766,0.8068728196605206,0.9216069385123009,0.683291771,0.7061855670103093,0.6618357487922706,1,1,1,0.9861024188251826,1,0.9725859255851205,0.6760430335998535,0.7135325074195862,0.642296314
369_UCR_id_67_Sensor_tr_2750_1st_5400.csv,Time_RCD,81,win_size,15000,2750,11000x1,8250,8250,8250,0.068057301,0.7642111801242236,0.15304669678476118,0.8000268613926304,0.12371134020618557,0.1978021978021978,0.09,0.8583690987124464,0.7518796992481203,1,0.9771191574668845,0.9780000000000001,0.97624,0.21983842551708221,0.14508579671382904,0.453490674
264_IOPS_id_5_WebService_tr_11665_1st_11765.csv,Time_RCD,9,win_size,15000,11665,60000x1,60000,48335,48335,0.073077942,0.7375258768337355,0.070353592,0.7416213587667668,0.12688172043010754,0.093700371,0.19644839067702552,0.8139114724480578,0.6862147753236862,1,0.8828588149087179,0.7925097844282883,0.9964589069325288,0.3368957042694092,0.5789473652839661,0.23757019639015198
294_TODS_id_8_Synthetic_tr_500_1st_200.csv,Time_RCD,100,win_size,15000,500,5000x1,4500,4500,4500,0.9356369436390223,0.9920114496988491,0.9777079606855196,0.997897804,0.8538461538461538,0.9,0.8121951219512196,0.9165687426556992,0.8843537414965986,0.9512195121951219,0.9682798556997688,0.9431184119818178,0.994820769,0.7849220037460327,0.6943351030349731,0.9026923179626465
693_YAHOO_id_143_WebService_tr_500_1st_1003.csv,Time_RCD,24,win_size,15000,500,1427x1,927,927,927,1,1,0.625,0.9991891891891891,1,1,1,0.3333333333333333,0.2,1,0.9999999500000026,1,1,0.800000012,0.6666666865348816,1
474_UCR_id_172_Environment_tr_2046_1st_6520.csv,Time_RCD,24,win_size,15000,2046,8184x1,6138,6138,6138,0.38672393262707083,0.9954612365063789,0.41041162326826836,0.9965895223204878,0.4418604651162791,0.3064516129032258,0.7916666666666666,0.5274725274725275,0.3582089552238806,1,0.9984856665309295,0.9991854024112088,0.9977870098837839,0.6019103527069092,0.5135135054588318,0.7270688414573669
373_UCR_id_71_Sensor_tr_2827_1st_5988.csv,Time_RCD,98,win_size,15000,2827,11308x1,8481,8481,8481,0.5991610832946409,0.9941358601558197,0.6077932925551298,0.9957830784483342,0.6408450704225352,0.48663101604278075,0.9381443298969072,0.8185654008438819,0.6928571428571428,1,0.9987978239621342,1,0.9975986346679113,0.6322342753410339,0.4791666567325592,0.9289986491203308
371_UCR_id_69_Medical_tr_1853_1st_6200.csv,Time_RCD,173,win_size,15000,1853,7415x1,5562,5562,5562,0.4925622142910228,0.9083664252050969,0.4844033042354391,0.9128443584500313,0.5232067510548524,0.9253731343283582,0.36470588235294116,1,1,1,0.9946261326346808,1,0.9893098123823424,0.5145102143287659,0.8857142925262451,0.36256054043769836
473_UCR_id_171_HumanActivity_tr_2617_1st_7290.csv,Time_RCD,24,win_size,15000,2617,10468x1,7851,7851,7851,0.001731092,0.7582111748459741,0.003173008,0.8329399076558295,0.00443787,0.00222387,1,0.011288805268109126,0.005676443,1,0.9171922572692706,0.8930443686896802,0.9426824608330149,0.006379585,0.0032,1
506_UCR_id_204_Environment_tr_2046_1st_5549.csv,Time_RCD,24,win_size,15000,2046,8184x1,6138,6138,6138,0.9492170811575508,0.99958607,0.9122104519860086,0.999491632,0.8727272727272727,0.7741935483870968,1,0.8727272727272727,0.7741935483870968,1,0.9994962349014296,0.9997580892009045,0.9992346176821983,0.8727272748947144,0.774193525,1
022_NAB_id_22_Facility_tr_1007_1st_2980.csv,Time_RCD,125,win_size,15000,1007,4031x1,3024,3024,3024,0.226777192,0.48893769968051115,0.3180411194506214,0.6029101494366738,0.37271214642262895,0.3284457478005865,0.4307692307692308,0.9737827715355806,0.948905109,1,0.9404943792876717,1,0.8876729438252484,0.45443710684776306,0.3936731219291687,0.5373828411102295
278_NEK_id_2_WebService_tr_500_1st_64.csv,Time_RCD,24,win_size,15000,500,1073x1,573,573,573,0.5238807184369183,0.6656665027053615,0.6365151590081561,0.7648226937018819,0.6129032258064516,0.7916666666666666,0.5,0.9866666666666667,1,0.9736842105263158,0.7901469609476691,1,0.6530934042875834,0.5075125098228455,0.7599999904632568,0.380952388
570_YAHOO_id_20_Synthetic_tr_500_1st_658.csv,Time_RCD,135,win_size,15000,500,1421x1,921,921,921,0.95,0.9997273718647764,0.9911705794968647,0.9999704051661988,0.8888888888888888,0.8,1,0.5714285714285714,0.4,1,0.9998059635790538,1,0.9996121024049651,0.888888955,0.800000012,1
467_UCR_id_165_Environment_tr_6166_1st_19280.csv,Time_RCD,46,win_size,15000,6166,24667x1,30000,18501,18501,0.8127614050589863,0.9876792432255603,0.7516167338451845,0.9896536693571765,0.8161764705882353,0.9910714285714286,0.69375,0.837696335,0.7207207207207207,1,0.9997682365461713,1,0.9995366804497055,0.7600000500679016,0.8142856955528259,0.7124999761581421
304_UCR_id_2_Medical_tr_2499_1st_7000.csv,Time_RCD,26,win_size,15000,2499,9998x1,7499,7499,7499,0.5327128991380488,0.992291583,0.44935488009852204,0.9938178721139636,0.5135135135135135,0.3877551020408163,0.76,0.6896551724137931,0.5263157894736842,1,0.9830972905567242,0.9693959194559274,0.9971916255500733,0.5581395030021667,0.39344263076782227,0.9599999785423279
645_YAHOO_id_95_WebService_tr_500_1st_1047.csv,Time_RCD,24,win_size,15000,500,1680x1,1180,1180,1180,1,1,1,1,1,1,1,0.15384615384615385,0.083333333,1,0.9999999500000026,1,1,0.5,0.3333333432674408,1
309_UCR_id_7_Medical_tr_3000_1st_5948.csv,Time_RCD,218,win_size,15000,3000,12000x1,9000,9000,9000,0.885301572,0.9952081394627458,0.854292714,0.9972794557323659,0.8780487804878049,0.972972973,0.8,0.6428571428571429,0.47368421052631576,1,0.9998894439626076,1,0.999779012,0.9302326440811157,0.9756097793579102,0.8888888955116272
024_NAB_id_24_Synthetic_tr_1007_1st_2787.csv,Time_RCD,288,win_size,15000,1007,4031x1,3024,3024,3024,0.8031405020707514,0.9433044312626782,0.8961325057169133,0.9722017298062031,0.6732869910625621,0.6862348178137652,0.6608187134502924,1,1,1,0.9914568505275694,1,0.9830585336798787,0.7133228182792664,0.576877236,0.9343099594116211
401_UCR_id_99_HumanActivity_tr_1671_1st_5920.csv,Time_RCD,115,win_size,15000,1671,6684x1,5013,5013,5013,0.8889815713224689,0.9981045961831905,0.8682041945750588,0.9983905611903306,0.8,0.7575757575757576,0.847457627,0.944,0.8939393939393939,1,0.9996532732768983,1,0.9993068868399787,0.7857641577720642,0.7936508059501648,0.7780327796936035
436_UCR_id_134_Medical_tr_1875_1st_4526.csv,Time_RCD,154,win_size,15000,1875,7501x1,5626,5626,5626,0.1196109667184049,0.9814450798189183,0.1658673363885113,0.9832773353313411,0.24742268041237114,0.14634146341463414,0.8,0.5309734513274337,0.3614457831325301,1,0.8329307335420897,0.7136944145253115,1,0.555555522,0.38461539149284363,1
094_WSD_id_66_WebService_tr_3309_1st_3914.csv,Time_RCD,125,win_size,15000,3309,13237x1,9928,9928,9928,0.3483005430929413,0.7823020606200632,0.4945247362211201,0.9801875838288671,0.4444444444444444,1,0.2857142857142857,0.445859873,0.28688524590163933,1,0.9992487914712731,1,0.9984988105737256,0.5063217282295227,0.9285714030265808,0.34805193543434143
272_IOPS_id_13_WebService_tr_3442_1st_3542.csv,Time_RCD,125,win_size,15000,3442,149156x1,150000,145714,145714,0.496445536,0.9753876825990095,0.353100352,0.9885722574037287,0.47388059701492535,0.5785876993166287,0.40126382306477093,0.49692712906057945,0.34407294832826746,0.8941548183254344,0.9559695835811353,0.9678635578147282,0.9443644857622054,0.4004497528076172,0.40492475032806396,0.3960726261138916
049_WSD_id_21_WebService_tr_4297_1st_7097.csv,Time_RCD,6,win_size,15000,4297,17189x1,12892,12892,12892,0.8145958554963089,0.9868519730819105,0.31725306502054706,0.9824376247549822,0.8771929824561403,0.9615384615384616,0.8064516129032258,0.34355828220858897,0.21212121212121213,0.9032258064516129,0.965354192,0.9653353428786736,0.9653731427176049,0.5495127439498901,0.7575757503509521,0.43111109733581543
417_UCR_id_115_Sensor_tr_2750_1st_5400.csv,Time_RCD,81,win_size,15000,2750,11000x1,8250,8250,8250,0.14993031684281885,0.9141260869565218,0.19728255672972936,0.931243358,0.33551769331585846,0.22735346358792186,0.64,0.8316008316008316,0.7117437722419929,1,0.9700656889383991,0.946073365,0.9953066666666666,0.6286893486976624,0.6287128925323486,0.6286658644676208
449_UCR_id_147_Sensor_tr_2847_1st_9330.csv,Time_RCD,98,win_size,15000,2847,11388x1,8541,8541,8541,0.1299330526928002,0.88327277,0.1486571016346633,0.9680274336576536,0.18181818181818182,1,0.1,0.19607843137254902,0.10869565217391304,1,0.7210122713155234,0.5637962684195561,0.999812668,0.10510949045419693,0.061538462,0.36000001430511475
025_NAB_id_25_WebService_tr_3958_1st_4614.csv,Time_RCD,16,win_size,15000,3958,15832x1,11874,11874,11874,0.1374680285382561,0.5245800982752642,0.13757890588847346,0.5264893327751033,0.2139151257150459,0.13542193026781202,0.5088607594936709,0.966952264,0.9360189573459715,1,0.8290193223955379,0.7475817313579037,0.9303688882853128,0.4014403522014618,0.2793727517127991,0.712955117
040_WSD_id_12_WebService_tr_4559_1st_9714.csv,Time_RCD,125,win_size,15000,4559,18236x1,13677,13677,13677,0.11860857537687651,0.8881618956993325,0.073208026,0.9342184666282066,0.1875,0.16363636363636364,0.21951219512195122,0.3923444976076555,0.24404761904761904,1,0.7783503240016187,0.6770272813082795,0.9153388949629166,0.18367713689804077,0.1468254029750824,0.245226651
311_UCR_id_9_HumanActivity_tr_16000_1st_38400.csv,Time_RCD,125,win_size,15000,16000,64000x1,60000,48000,48000,0.15914411779842577,0.9540922139830509,0.1668300888408979,0.9577147600260933,0.34122740005092944,0.21426287176207226,0.8375,0.7835455435847208,0.644122383,1,0.6931190605717431,0.5303904719209235,0.9998964583333333,0.607012928,0.4745998680591583,0.8419035077095032
231_MGAB_id_7_Synthetic_tr_25000_1st_35544.csv,Time_RCD,49,win_size,15000,25000,100000x1,75000,75000,75000,0.05594476,0.75768125,0.027965162734542255,0.7940341009645913,0.13615023474178403,0.12831858407079647,0.145,0.12422360248447205,0.078328982,0.3,0.6873450075725992,0.5301396404934479,0.977086125,0.12263987213373184,0.12765957415103912,0.11800000071525574
341_UCR_id_39_HumanActivity_tr_48812_1st_128430.csv,Time_RCD,125,win_size,15000,48812,195250x1,150000,146438,146438,1.998800719568259e-05,0.6583582018205781,4.001712869447588e-05,0.6909722842469261,3.9970421887803025e-05,1.9985610360540412e-05,1,0,0,0,0.8217609263311775,0.7064912335958298,0.9819787213701362,7.536078919656575e-05,3.768181341001764e-05,1
275_IOPS_id_16_WebService_tr_1482_1st_1582.csv,Time_RCD,288,win_size,15000,1482,8784x1,7302,7302,7302,0.0411478,0.8509391294524162,0.092855794,0.7827975303531071,0.10787486515641856,0.058411215,0.704225352,0.5435897435897435,0.4274193548387097,0.7464788732394366,0.6899801030529863,0.6902822584208163,0.6896783120051988,0.29968610405921936,0.31035316,0.2897280156612396
279_NEK_id_3_WebService_tr_500_1st_974.csv,Time_RCD,24,win_size,15000,500,1073x1,573,573,573,0.996255056,0.9992476403264785,0.9963199470233262,0.9993312176265161,0.9720670391061452,0.9886363636363636,0.9560439560439561,1,1,1,0.9996066457647952,1,0.9992137007843815,0.9720670580863953,0.9886363744735718,0.9560439586639404
672_YAHOO_id_122_WebService_tr_500_1st_857.csv,Time_RCD,24,win_size,15000,500,1680x1,1180,1180,1180,1,1,1,1,1,1,1,0.15384615384615385,0.083333333,1,0.9999999500000026,1,1,0.5,0.3333333432674408,1
495_UCR_id_193_Environment_tr_2046_1st_6520.csv,Time_RCD,24,win_size,15000,2046,8184x1,6138,6138,6138,0.3900582758236202,0.9947320357649111,0.3941782107385542,0.9962852093482006,0.425,0.30357142857142855,0.7083333333333334,0.5161290322580645,0.34782608695652173,1,0.9984856665309295,0.9991854024112088,0.9977870098837839,0.5476189851760864,0.4166666567325592,0.7986111044883728
099_WSD_id_71_WebService_tr_4559_1st_14411.csv,Time_RCD,30,win_size,15000,4559,18236x1,13677,13677,13677,0.12251693599055109,0.7807435840565505,0.048093071,0.8724646518278868,0.2028985507246377,0.25,0.17073170731707318,0.3886255924170616,0.2411764705882353,1,0.9293001117169127,0.8696232339089482,0.9977710934382684,0.20150376856327057,0.20000000298023224,0.2030303031206131
117_WSD_id_89_WebService_tr_3251_1st_3351.csv,Time_RCD,7,win_size,15000,3251,16376x1,13125,13125,13125,0.33528326777988465,0.9329878575420413,0.33518851328864174,0.9331402733323173,0.5,1,0.3333333333333333,0.043795620437956206,0.022388059701492536,1,0.7318159521050255,0.5770751322751324,0.9999492063492065,0.8571428656578064,0.75,1
019_NAB_id_19_Facility_tr_1007_1st_1171.csv,Time_RCD,8,win_size,15000,1007,4031x1,3024,3024,3024,0.5419315347508261,0.7363929115853659,0.5443888408027827,0.7415495860042816,0.538961039,0.7685185185185185,0.415,1,1,1,0.9836176711216028,1,0.9677635487512031,0.5347967743873596,0.7746478915214539,0.4083584249019623
043_WSD_id_15_WebService_tr_4521_1st_6828.csv,Time_RCD,125,win_size,15000,4521,18085x1,13564,13564,13564,0.33502517895299483,0.9011899493533952,0.096619031,0.9466488804205051,0.2857142857142857,1,0.16666666666666666,0.082191781,0.042857143,1,0.9624522282446943,0.9277221839831042,0.9998838060212368,0.444444478,0.6666666865348816,0.3333333432674408
011_NAB_id_11_Facility_tr_1007_1st_1526.csv,Time_RCD,204,win_size,15000,1007,4031x1,3024,3024,3024,0.4600058910525907,0.6523372218085546,0.4706830882292029,0.6784018555528253,0.4751203852327448,0.9932885906040269,0.31223628691983124,1,1,1,0.9901715000741299,1,0.980534417,0.7117772698402405,0.9816849827766418,0.5582815408706665
297_TODS_id_11_Synthetic_tr_500_1st_7.csv,Time_RCD,98,win_size,15000,500,5000x1,4500,4500,4500,0.2605940393618474,0.9032782908344449,0.6730803365738892,0.9634834899741347,0.4399092970521542,0.30265210608424337,0.8049792531120332,0.6195652173913043,0.5498392282958199,0.7095435684647303,0.8995646967365923,0.8516514055758887,0.9531906159459373,0.43324601650238037,0.2975432276725769,0.7965217232704163
355_UCR_id_53_HumanActivity_tr_48750_1st_143411.csv,Time_RCD,125,win_size,15000,48750,195000x1,150000,146250,146250,0.9218370783071913,0.9997893260348957,0.17338523447259394,0.9982669149715815,0.7206477732793523,0.6054421768707483,0.89,0.12795905310300704,0.0683527,1,0.9784005364815374,0.9577190301761731,0.999995077,0.42222219705581665,0.27142858505249023,0.949999988
405_UCR_id_103_Sensor_tr_2827_1st_5988.csv,Time_RCD,98,win_size,15000,2827,11308x1,8481,8481,8481,0.9698309368944439,0.999620042,0.961833312,0.9996952046144024,0.90052356,0.9148936170212766,0.8865979381443299,0.9797979797979798,0.9603960396039604,1,0.999878682,1,0.999757493,0.8847926259040833,0.800000012,0.9896907210350037
160_Stock_id_12_Finance_tr_500_1st_14.csv,Time_RCD,47,win_size,15000,500,20000x1,30000,19500,19500,0.18088413252663682,0.6885175817829313,0.6685288901192069,0.8775907818040752,0.23285899094437257,0.30664395229982966,0.18769551616266944,0.2365869424692954,0.3112244897959184,0.1908237747653806,0.5734282573389899,0.6887472626019157,0.49118737555351616,0.22537940740585327,0.29442521929740906,0.18256579339504242
797_YAHOO_id_247_Synthetic_tr_500_1st_893.csv,Time_RCD,158,win_size,15000,500,1421x1,921,921,921,0.021739130434782608,0.9510869565217391,0.19700939938526488,0.9682318037436857,0.042553191,0.021739130434782608,1,0.042553191,0.021739130434782608,1,0.928054093,0.8657658744520852,1,0.041666664,0.021276595070958138,1
002_NAB_id_2_WebService_tr_1500_1st_4106.csv,Time_RCD,125,win_size,15000,1500,6000x1,4500,4500,4500,0.22425953854540007,0.4925922418988504,0.237448505,0.5288321955932875,0.21574344023323616,0.1562280084447572,0.34850863422291994,0.994535519,0.9891304347826086,1,0.9838301232733103,1,0.9681749520320949,0.26933255791664124,0.1591232568025589,0.8761733770370483
385_UCR_id_83_Environment_tr_2046_1st_6006.csv,Time_RCD,24,win_size,15000,2046,8184x1,6138,6138,6138,0.256320814,0.9694478653530378,0.1955638127527826,0.9733809261662578,0.26229508196721313,0.6153846153846154,0.16666666666666666,0.64,0.47058823529411764,1,0.997135586,1,0.9942876344086023,0.25,0.5,0.1666666716337204
287_TODS_id_1_Synthetic_tr_500_1st_11.csv,Time_RCD,100,win_size,15000,500,5000x1,4500,4500,4500,0.46127415787221365,0.7680791200019955,0.9313095976370984,0.9636930847370455,0.4942528735632184,0.7610619469026548,0.3659574468085106,0.5028571428571429,0.7652173913043478,0.37446808510638296,0.6556468679340945,0.7095558177063086,0.6093511251405987,0.49263429641723633,0.7581120729446411,0.36486485600471497
027_NAB_id_27_Facility_tr_757_1st_2582.csv,Time_RCD,125,win_size,15000,757,3031x1,2274,2274,2274,0.1685352174308083,0.5227844744455159,0.16973514435861373,0.5603003192499318,0.215962441,0.20353982300884957,0.23,0.975609756,0.9523809523809523,1,0.9786511093143595,1,0.9581948109058928,0.21394596993923187,0.2017543911933899,0.22770574688911438
266_IOPS_id_7_WebService_tr_4010_1st_4110.csv,Time_RCD,6,win_size,15000,4010,89155x1,90000,85145,85145,0.4249613912273716,0.930196349,0.3976067175446674,0.9351666447447923,0.5142589995324918,0.8052708638360175,0.37774725274725274,0.5434056761268782,0.6925531914893617,0.44711538461538464,0.9462725990301585,0.9313890642135286,0.9616396375795232,0.5876539349555969,0.8205928206443787,0.45772191882133484
332_UCR_id_30_Facility_tr_13750_1st_52600.csv,Time_RCD,233,win_size,15000,13750,55000x1,45000,41250,41250,0.079882449,0.9567822168087698,0.10687896536557197,0.9755856510518905,0.2341678939617084,0.13730569948186527,0.795,0.4975124378109453,0.33112582781456956,1,0.7119207376452408,0.5527041261206337,0.9999849696969697,0.23087573051452637,0.13471074402332306,0.8068704009056091
344_UCR_id_42_Sensor_tr_2851_1st_5365.csv,Time_RCD,98,win_size,15000,2851,11406x1,8555,8555,8555,0.007728621,0.889344262,0.014838361134596932,0.9181254699288652,0.020512820512820513,0.010416666666666666,0.6666666666666666,0.063291139,0.032679738562091505,1,0.8914079312165893,0.8907071887784922,0.8921098772647575,0.029732406,0.015090543,1
282_NEK_id_6_WebService_tr_500_1st_64.csv,Time_RCD,24,win_size,15000,500,1073x1,573,573,573,0.5760610265792752,0.9135695764909249,0.6779467072491926,0.9277041629324718,0.5833333333333334,0.6363636363636364,0.5384615384615384,0.8461538461538461,0.8461538461538461,0.8461538461538461,0.8404167351819202,0.9626269279847767,0.7457413178021328,0.560837448,0.6363636255264282,0.5013368725776672
290_TODS_id_4_Synthetic_tr_500_1st_26.csv,Time_RCD,100,win_size,15000,500,5000x1,4500,4500,4500,0.9161108154645464,0.9649244601379883,0.9249709833129275,0.9712978365041872,0.8914431673052363,0.953551913,0.8369304556354916,0.9429657794676806,1,0.8920863309352518,0.7871650992184812,0.8737075229359831,0.7162220108349854,0.6981391906738281,0.9369972944259644,0.5563222169876099
267_IOPS_id_8_WebService_tr_1534_1st_1882.csv,Time_RCD,282,win_size,15000,1534,6138x1,4604,4604,4604,0.4031089192558346,0.9501830408411172,0.6736941359370042,0.9692216372198583,0.4065040650406504,0.35714285714285715,0.4716981132075472,0.6764705882352942,0.5542168674698795,0.8679245283018868,0.9285742926900863,0.9026413934141061,0.9560414800403116,0.33354872465133667,0.3571428656578064,0.3128787875175476
319_UCR_id_17_Environment_tr_6166_1st_19280.csv,Time_RCD,46,win_size,15000,6166,24667x1,30000,18501,18501,0.8942655387508142,0.9945651136797339,0.8510340540568093,0.9955713654293449,0.8758620689655172,0.9769230769230769,0.79375,0.8695652173913043,0.7692307692307693,1,0.999843853,1,0.9996878547105561,0.8674953579902649,0.9357143044471741,0.8085476160049438
364_UCR_id_62_Sensor_tr_2833_1st_5988.csv,Time_RCD,98,win_size,15000,2833,11334x1,8501,8501,8501,0.010736848863617067,0.49032247775973153,0.012828189871410756,0.5216802714731412,0.026678933,0.013643848506233828,0.5979381443298969,0,0,0,0.8733468781785685,0.8479034263059673,0.9003646629808257,0.075709783,0.039360393,0.9896907210350037
517_UCR_id_215_Facility_tr_7482_1st_24005.csv,Time_RCD,168,win_size,15000,7482,29931x1,30000,22449,22449,0.33756379186972024,0.9933078607498771,0.27902907657842835,0.9946872094478667,0.37606837606837606,0.4888888888888889,0.3055555555555556,0.44171779141104295,0.28346456692913385,1,0.960581947,0.9245530011395005,0.9995328918387852,0.5387308597564697,0.7749999761581421,0.41286376118659973
734_YAHOO_id_184_WebService_tr_500_1st_768.csv,Time_RCD,23,win_size,15000,500,1424x1,924,924,924,0.8746632013794312,0.9372957735796585,0.8928157254802837,0.9486774801435846,0.7955555555555556,0.8026905829596412,0.788546256,0.9956140350877193,0.9912663755458515,1,0.9523979456822084,0.9977858813245151,0.9109597110164035,0.7852782011032104,0.8026905655860901,0.7686053514480591
233_MGAB_id_9_Synthetic_tr_25000_1st_41300.csv,Time_RCD,103,win_size,15000,25000,100000x1,75000,75000,75000,0.054247071,0.7475661096256685,0.11137165327589814,0.8596574602416115,0.1840277777777778,0.14095744680851063,0.265,0.16614745586708204,0.10484927916120576,0.4,0.7467975454124621,0.8350561077436687,0.6754121281034549,0.18356412649154663,0.14171123504638672,0.2605000138282776
755_YAHOO_id_205_Synthetic_tr_500_1st_893.csv,Time_RCD,125,win_size,15000,500,1421x1,921,921,921,1,1,1,1,1,1,1,0.18181818181818182,0.1,1,0.9999999500000026,1,1,0.5,0.3333333432674408,1
603_YAHOO_id_53_Synthetic_tr_500_1st_893.csv,Time_RCD,125,win_size,15000,500,1421x1,921,921,921,1,1,1,1,1,1,1,0.18181818181818182,0.1,1,0.9999999500000026,1,1,0.5,0.3333333432674408,1
113_WSD_id_85_WebService_tr_500_1st_335.csv,Time_RCD,125,win_size,15000,500,18242x1,30000,17742,17742,0.18004325713906413,0.8271493887435766,0.1389360773152031,0.9521480504444907,0.24778761061946902,0.7777777777777778,0.14736842105263157,0.5428571428571428,0.37254901960784315,1,0.9986572899614106,1,0.9973182805601627,0.19696912169456482,0.31111112236976624,0.14410071074962616
420_UCR_id_118_Facility_tr_13750_1st_52600.csv,Time_RCD,233,win_size,15000,13750,55000x1,45000,41250,41250,0.20226732095459393,0.9135536540803898,0.12190945402997888,0.9384310419388956,0.2716049382716049,0.3548387096774194,0.22,0.5312084993359893,0.3616636528028933,1,0.9841752078310687,0.9699554112554113,0.9988182424242424,0.2639085650444031,0.27513226866722107,0.2535646855831146
387_UCR_id_85_Environment_tr_2046_1st_5549.csv,Time_RCD,24,win_size,15000,2046,8184x1,6138,6138,6138,0.8503785238702408,0.9974651067323481,0.8245885333819871,0.9978988431071761,0.782608696,0.8181818181818182,0.75,0.8,0.6666666666666666,1,0.9994962349014296,0.9997580892009045,0.9992346176821982,0.7789474129676819,0.7872340679168701,0.7708333134651184
381_UCR_id_79_HumanActivity_tr_16000_1st_31200.csv,Time_RCD,125,win_size,15000,16000,64000x1,60000,48000,48000,0.22758201665351357,0.9780567135082447,0.23221112435423416,0.978272643,0.405054872,0.2583792957148918,0.936923077,0.7651559741024132,0.6196377502383222,1,0.7082252025117873,0.5498594559585492,0.9947143108974358,0.6952746510505676,0.5545536279678345,0.9316980242729187
762_YAHOO_id_212_WebService_tr_500_1st_1055.csv,Time_RCD,24,win_size,15000,500,1680x1,1180,1180,1180,0.5169491525423728,0.9758064516129032,0.30773338988595417,0.9704311098639458,0.6666666666666666,1,0.5,0.14285714285714285,0.083333333,0.5,0.8961803710254526,0.8958333333333333,0.8965277777777778,0.4000000059604645,0.3333333432674408,0.5
261_IOPS_id_2_WebService_tr_2178_1st_2278.csv,Time_RCD,288,win_size,15000,2178,8784x1,6606,6606,6606,0.3390629471894508,0.9456565656565656,0.10825391762074722,0.9478908171741802,0.3076923076923077,0.2857142857142857,0.3333333333333333,0.15584415584415584,0.084507042,1,0.9118581548636532,0.8381644321274311,0.9997599049236581,0.2857142686843872,0.25,0.3333333432674408
125_WSD_id_97_WebService_tr_2217_1st_2317.csv,Time_RCD,30,win_size,15000,2217,18250x1,30000,16033,16033,0.04585715,0.7595326828729472,0.049964332,0.8621936478480517,0.091623037,0.05124451,0.43209876543209874,0.5130641330166271,0.416988417,0.6666666666666666,0.849554194,0.7396487972815393,0.9978220047110616,0.091971323,0.051209103,0.45082995295524597
657_YAHOO_id_107_WebService_tr_500_1st_1260.csv,Time_RCD,125,win_size,15000,500,1440x1,940,940,940,1,1,1,1,1,1,1,0.18181818181818182,0.1,1,0.9999999500000026,1,1,0.5,0.3333333432674408,1
