file,Time,AUC-PR,AUC-ROC,VUS-PR,VUS-ROC,Standard-F1,PA-F1,Event-based-F1,R-based-F1,Affiliation-F
001_NAB_id_1_Facility_tr_1007_1st_2014.csv,0.9180202484130859,0.5624096945388022,0.8780174294694636,0.5545821885649916,0.8813850160797545,0.5218866214199344,0.98,0.9396551724137926,0.35563990598013656,0.9749847383143332
002_NAB_id_2_WebService_tr_1500_1st_4106.csv,1.216163158416748,0.9612424271148917,0.9952072913102188,0.9595355552612886,0.9953073932291004,0.9055974583753666,1.0,0.9999999999999996,0.3721578106436151,0.9977283415078017
005_NAB_id_5_Traffic_tr_594_1st_1645.csv,0.9186890125274658,0.22514655462885064,0.7950429587995871,0.23304805943187062,0.7999576020898276,0.41197197218704634,0.7893864013266998,0.41224970553592427,0.3305084745762712,0.8422012536094132
006_NAB_id_6_Traffic_tr_2579_1st_5839.csv,1.8240959644317627,0.8408671540753528,0.98151132929961,0.8792865254613149,0.989850577266933,0.8206039054979786,0.9445208619899129,0.9064649243466295,0.8090883332943214,0.9773696288890423
008_NAB_id_8_Synthetic_tr_1007_1st_2734.csv,0.6543889045715332,0.8112393298122421,0.9778827000297493,0.8649294092545387,0.9831231739581013,0.743751110018467,1.0,0.9999999999999996,0.7437557816836262,0.9749719344150088
009_NAB_id_9_Traffic_tr_500_1st_438.csv,0.6452548503875732,0.12537498422519852,0.523145767875845,0.13837291722653883,0.570745180988783,0.24580584258649707,0.9133192389006343,0.29830508474576245,0.2562898098718347,0.7501200173161736
010_NAB_id_10_WebService_tr_500_1st_271.csv,0.7372760772705078,0.39592622149689655,0.6258247684304022,0.400585632501732,0.6977098115910926,0.42104807638046027,0.5304659498207885,0.4999999999999996,0.48527912508881954,0.677160380892839
011_NAB_id_11_Facility_tr_1007_1st_1526.csv,0.9511358737945557,0.8324290594426245,0.96461247744686,0.8744482924834911,0.9775930230777268,0.7566888837412233,1.0,0.9999999999999996,0.3706860992712773,0.9959009802963271
013_NAB_id_13_Traffic_tr_623_1st_2084.csv,0.5411360263824463,0.8914287147508818,0.989833180133858,0.9904637482667374,0.9991585550295485,0.854363938873559,0.9900199600798403,0.9746192893401009,0.5885849904375676,0.9767284736512469
014_NAB_id_14_WebService_tr_500_1st_1045.csv,0.6445810794830322,0.9412678669127765,0.9919200076002279,0.9492746834028822,0.9937476795087957,0.8758570806467219,1.0,0.9999999999999996,0.7662337662337662,0.9987539281264023
015_NAB_id_15_Synthetic_tr_1007_1st_2787.csv,1.1786291599273682,0.8950888406771514,0.9838652122695091,0.9338697785541172,0.9906342161224937,0.8258838085772361,1.0,0.9999999999999996,0.38228669249481934,0.9977531997857725
016_NAB_id_16_Environment_tr_1816_1st_3540.csv,1.3443918228149414,0.37410849767288906,0.8141089196707716,0.36922143574992666,0.8203967460816194,0.4437527808386516,0.9823609226594301,0.7868852459016389,0.41042345276872966,0.8986985928651786
017_NAB_id_17_Synthetic_tr_1007_1st_1805.csv,0.6969630718231201,0.6596160846644914,0.9672935954013344,0.7095199719416263,0.9730358136034628,0.7566492702950511,0.9913686806411838,0.9066666666666662,0.33243913785728774,0.9683117449927985
018_NAB_id_18_Facility_tr_500_1st_669.csv,0.688927173614502,0.19893293732791156,0.7401817244976185,0.19303155603759561,0.7123652377235067,0.380947489637621,0.6416382252559727,0.45714285714285663,0.2010238019425391,0.8117723293736601
019_NAB_id_19_Facility_tr_1007_1st_1171.csv,1.317763090133667,0.3600344411717144,0.8042901404571743,0.34891265200207444,0.8071316944182151,0.3568723238663152,0.970873786407767,0.828571428571428,0.2634888795931841,0.948747335403642
020_NAB_id_20_Synthetic_tr_1007_1st_2679.csv,0.8288769721984863,0.9626622602718826,0.9923371158995282,0.9879794164073077,0.9977415022718955,0.8942340600719556,1.0,0.9999999999999996,0.5544692737430167,0.998230571553601
022_NAB_id_22_Facility_tr_1007_1st_2980.csv,0.9851078987121582,0.48059379242751255,0.9108915934535415,0.4848899919152984,0.911410006593826,0.6033065087726588,0.9876543209876543,0.8115942028985502,0.30970642285436567,0.9069798938290144
023_NAB_id_23_Facility_tr_4512_1st_16551.csv,3.3969850540161133,0.9585725678923347,0.9954017597749206,0.9554093380929035,0.9953528618553585,0.8824505385777881,1.0,0.9999999999999996,0.6145024047354791,0.9989339186109215
024_NAB_id_24_Synthetic_tr_1007_1st_2787.csv,1.0997240543365479,0.8872201000255739,0.9755099643493168,0.9168056299693226,0.9841915160850431,0.7970661565452708,1.0,0.9999999999999996,0.4176434299814929,0.9958852649883198
025_NAB_id_25_WebService_tr_3958_1st_4614.csv,2.511643171310425,0.7353561072533408,0.9463522330421313,0.7335823017790504,0.9471574057497769,0.6640096933808284,1.0,0.9999999999999996,0.5203221577074358,0.9901547933739034
026_NAB_id_26_Traffic_tr_624_1st_2261.csv,0.5205786228179932,0.8499334811257161,0.9480076860465548,0.8498188884078954,0.9491777627024267,0.7940398291029639,1.0,0.9999999999999996,0.5416666666666666,0.9974766756845587
027_NAB_id_27_Facility_tr_757_1st_2582.csv,0.9106028079986572,0.7489534766369896,0.9718209113387496,0.7424331312108222,0.9723012271960464,0.6652493536698639,0.9975062344139651,0.9836065573770486,0.35504958420420685,0.9858058058863413
028_NAB_id_28_Facility_tr_1007_1st_3447.csv,0.761354923248291,0.5052856080561724,0.9215108206376782,0.6074119510388422,0.9478253615089542,0.5683718190510954,0.9930715935334873,0.9210526315789469,0.32817426196617944,0.9625686629346305
032_WSD_id_4_WebService_tr_4559_1st_11822.csv,2.8391029834747314,0.5776482235661178,0.9846243195044114,0.3022553273993339,0.9869944874577908,0.6428522449352767,0.2857142857142857,0.2702702702702699,0.0426613172851889,0.9063571503182647
039_WSD_id_11_WebService_tr_1746_1st_1846.csv,2.7329468727111816,0.6638046956169601,0.9880954176027986,0.6111148897218324,0.9918877264746291,0.6222173724822447,0.7436619718309859,0.6738351254480281,0.38490902663896837,0.9572692009137119
040_WSD_id_12_WebService_tr_4559_1st_9714.csv,3.795400857925415,0.5142795668454372,0.9946219478682833,0.4672767703794291,0.9962390347011153,0.666661706209749,0.35344827586206895,0.3181818181818179,0.05384435540434864,0.8958859074020287
043_WSD_id_15_WebService_tr_4521_1st_6828.csv,3.9558939933776855,0.7759259259259259,0.9998248428194775,0.33976423282986057,0.9986665453774239,0.7272677686288501,0.06349206349206349,0.06349206349206342,0.012734527549027933,0.9334673941867765
049_WSD_id_21_WebService_tr_4297_1st_7097.csv,3.8554670810699463,0.7587148549395445,0.9990881710403123,0.4737852256912965,0.9987926790609204,0.7692257799140183,0.30097087378640774,0.29411764705882326,0.03801962590110832,0.9263340824360718
054_WSD_id_26_WebService_tr_2409_1st_2509.csv,3.293006181716919,0.3220354878650171,0.9390913225019636,0.7294999207885886,0.9957066747922737,0.4793338843488168,0.37735849056603776,0.31862217438105456,0.10622957106035484,0.8693290287391728
058_WSD_id_30_WebService_tr_1136_1st_1236.csv,2.511881113052368,0.5190434565434565,0.9996434057493965,0.258413453260737,0.9984945630057634,0.5714238549142133,0.08290155440414508,0.082901554404145,0.0022782286772034745,0.8491584731869791
060_WSD_id_32_WebService_tr_4576_1st_4766.csv,3.752070188522339,0.6595352003623461,0.9950045941576102,0.6411938859221985,0.9973023271353638,0.6046463358957532,0.6394984326018809,0.5490196078431367,0.1717137649701154,0.9468096502669817
068_WSD_id_40_WebService_tr_4549_1st_13322.csv,3.8822829723358154,0.6118610659080186,0.9983658269940326,0.7092270545786111,0.9990822381679396,0.6382931462550022,0.27230046948356806,0.27230046948356784,0.04183884902192619,0.9842970731976898
074_WSD_id_46_WebService_tr_990_1st_1090.csv,2.277876853942871,0.7216182115048582,0.9951359826606255,0.8431858308586673,0.9978172439313852,0.7232093794621389,0.8512110726643599,0.8128848886783508,0.662563907474896,0.9857502276593718
089_WSD_id_61_WebService_tr_1010_1st_1110.csv,2.2105021476745605,0.6923941473328659,0.9964222843883169,0.9720026266538171,0.9997098830813982,0.7516958427934061,0.8421052631578947,0.7803934214769425,0.7505921184736066,0.9711851380398859
094_WSD_id_66_WebService_tr_3309_1st_3914.csv,2.931706190109253,0.5612298555663386,0.9909537515960785,0.8289281021628994,0.9993317324413225,0.5454497546908382,0.3977272727272727,0.3456790123456787,0.08803243816617146,0.9741454560986966
099_WSD_id_71_WebService_tr_4559_1st_14411.csv,4.57007908821106,0.8314158433633192,0.9994128646974846,0.6664576114281919,0.999310961422237,0.7526832420255852,0.36283185840707965,0.3628318584070793,0.05269016697588126,0.956681031710178
106_WSD_id_78_WebService_tr_3363_1st_3463.csv,3.5938968658447266,0.911761061503741,0.9978873814305073,0.8789154562945861,0.997997620518375,0.8668231118484068,0.973568281938326,0.9664804469273738,0.3905159208168303,0.9990899367222507
113_WSD_id_85_WebService_tr_500_1st_335.csv,2.1605751514434814,0.5896193892017587,0.9816453079381444,0.8179857942899517,0.9937627322961622,0.5736384878134176,0.6109324758842444,0.5884161968221421,0.2779841680235323,0.9144659769348339
117_WSD_id_89_WebService_tr_3251_1st_3351.csv,2.991075038909912,0.7011494252873562,0.9994706732628922,0.380541475072951,0.9987514099631855,0.7999952000287999,0.03550295857988166,0.035502958579881616,0.011049723756906079,0.9103013179107238
125_WSD_id_97_WebService_tr_2217_1st_2317.csv,2.751365900039673,0.3653719560297908,0.9489503647462884,0.4593222406023077,0.9847537565399935,0.3977223044267329,0.7346938775510204,0.5375494071146241,0.21066317473285529,0.955677106563756
130_WSD_id_102_WebService_tr_2362_1st_2462.csv,2.754424810409546,0.5679197991901713,0.9725320814839135,0.6779441855187237,0.9942095473535472,0.5584372314911923,0.819327731092437,0.6971830985915488,0.4200182810354603,0.9519356037702867
137_WSD_id_109_WebService_tr_4559_1st_14404.csv,4.223414182662964,0.43117144550728886,0.9965471358384549,0.48662952820214705,0.997798665638819,0.5973978706732564,0.4701195219123506,0.4388185654008435,0.07874977711039902,0.8329074515555851
139_WSD_id_111_WebService_tr_1701_1st_1801.csv,2.486924886703491,0.6452595405578909,0.9800770053368417,0.6701026945844885,0.9901375161892174,0.7692257789238125,0.6148409893992933,0.5855513307984787,0.26718569828586264,0.9167171413376555
140_MSL_id_1_Sensor_tr_530_1st_630.csv,0.4995729923248291,0.856111899267266,0.9776190186442558,0.9011500482368783,0.9890914095715345,0.8847876931193148,1.0,0.9999999999999996,0.693304535637149,0.9980294886638088
141_MSL_id_2_Sensor_tr_500_1st_550.csv,0.8203320503234863,0.3994927810347584,0.8166903110550651,0.6234493059874961,0.9188948395123075,0.579083605615575,0.9096209912536443,0.7030303030303026,0.32445488409670536,0.869301428082895
143_MSL_id_4_Sensor_tr_980_1st_3550.csv,0.8107316493988037,0.9664216156844417,0.9982350492869072,0.9945312662380037,0.9997478781075637,0.9366147384216372,0.32161874334398294,0.32161874334398266,0.321618743343983,0.9477637431119625
144_MSL_id_5_Sensor_tr_1525_1st_4590.csv,1.6987969875335693,0.03367778064807758,0.6535708028375615,0.06897107998329265,0.7918068474860471,0.08124517030412651,0.15321637426900586,0.08338092518560813,0.044068732059297865,0.8481815007281451
145_MSL_id_6_Sensor_tr_530_1st_630.csv,0.6413037776947021,0.8142278058426302,0.9731342321995498,0.9140520333871133,0.9889482690225188,0.7889858863199553,1.0,0.9999999999999996,0.815581502064957,0.9952214580894281
147_MSL_id_8_Sensor_tr_590_1st_690.csv,0.8375699520111084,0.8363453671835448,0.9774294168233563,0.8179458614323347,0.9771916099588535,0.8025429656663202,0.8262295081967214,0.7999999999999995,0.6667356411392774,0.9408286112546457
148_MSL_id_9_Sensor_tr_883_1st_1238.csv,0.8428032398223877,0.4628531371827123,0.9162833755086234,0.46689311672934775,0.9222792590649638,0.548747840297199,0.9212121212121213,0.7829787234042548,0.5392137785004468,0.9063220146609106
149_Stock_id_1_Finance_tr_500_1st_7.csv,1.456838846206665,0.9972059525510294,0.9999042751336329,0.9989393871730355,0.9999641641657038,0.9938850203969373,0.9849397590361446,0.984939759036144,0.9885546978972586,0.9965826863512388
151_Stock_id_3_Finance_tr_500_1st_62.csv,0.904303789138794,0.9901872671743928,0.9995922579519951,0.9856683252523983,0.9994765640155506,0.97640525644112,0.9698189134808853,0.9704978691070065,0.9740484877193925,0.9898242582799527
155_Stock_id_7_Finance_tr_500_1st_18.csv,1.2699041366577148,0.9962396284114884,0.9998761429031099,0.9995206427896375,0.9999847810557014,0.9938600308306865,0.9808467741935484,0.9808467741935478,0.9841552430122842,0.9954967456910697
156_Stock_id_8_Finance_tr_500_1st_24.csv,1.173227071762085,0.991465264167103,0.9996511205855106,0.9872274734750375,0.999542026000345,0.975703503709488,0.9747729566094854,0.9746049874569207,0.9768893550118546,0.9930881710917541
160_Stock_id_12_Finance_tr_500_1st_14.csv,1.4559342861175537,0.9973544920348033,0.9999064190276166,0.9973247575985766,0.9999122293167718,0.9939036295492317,0.9849397590361446,0.984939759036144,0.9870198675496689,0.9958802448812112
162_Stock_id_14_Finance_tr_500_1st_4.csv,1.169367790222168,0.9899646331764003,0.9981362016207673,0.9874575731498513,0.9979171789345108,0.9437309402258404,0.9510849577050386,0.9471299924106502,0.9518185339947706,0.9819693342426101
165_Stock_id_17_Finance_tr_500_1st_7.csv,1.5662360191345215,0.9991031310483853,0.999890673815793,0.9999312242377193,0.9999921424010332,0.9953554568518654,0.9937799893371245,0.9937179052031845,0.9939298594362349,0.9978628726818521
166_Stock_id_18_Finance_tr_500_1st_18.csv,1.2837460041046143,0.9990535667153003,0.9998784000371097,0.9997090521307179,0.9999670400355862,0.9934125415032752,0.9928901528617134,0.9927735423744717,0.9935390996444698,0.9973037714836074
169_Daphnet_id_1_HumanActivity_tr_9693_1st_20732.csv,8.858468055725098,1.0,0.9371951372068668,0.551308767278782,0.9392382996828974,0.9999950000249999,0.8147429679922406,0.8286300667008717,0.4037374411862242,0.9235064091168007
170_MITDB_id_1_Medical_tr_17675_1st_17775.csv,430.9316232204437,0.4727884210396614,0.9654018046001337,0.4903339894223769,0.9617330832512777,0.5870438020555565,0.6178847953713945,0.5981259795643721,0.5618695517773474,0.8904364745997905
171_MITDB_id_2_Medical_tr_50000_1st_88864.csv,500.23366618156433,0.7992736771389736,0.9302130602970058,0.6935758357666113,0.9245650714630366,0.8339204142538778,0.918404401650619,0.8529534074272396,0.7594843861660392,0.8916713773878252
172_MITDB_id_3_Medical_tr_27274_1st_27374.csv,80.5805172920227,0.9999999999999996,0.9517935895731247,0.32103054957938537,0.956797650321092,0.9999950000249999,0.6138474031705681,0.5037404954623493,0.7640660890617935,0.9447845923830205
173_MITDB_id_4_Medical_tr_13620_1st_13720.csv,110.05217480659485,1.0,0.8334507706261032,0.533764733413459,0.8929598743089164,0.9999950000249999,0.7271728398993599,0.6548108750573244,0.520448072680807,0.817578504283415
175_MITDB_id_6_Medical_tr_27274_1st_27374.csv,518.482479095459,0.10818269751011253,0.7759467775133444,0.10305325552478796,0.7850477963676423,0.17359931089067596,0.30114103802267767,0.1889117043121145,0.16466894383371233,0.7267527752152954
176_MITDB_id_7_Medical_tr_6232_1st_6332.csv,274.3339738845825,1.0,0.9978428204135577,0.9767601181550118,0.9987602929213348,0.9999950000249999,0.9678595851379075,0.9631785766264003,0.8982295817807339,0.98019856883603
177_MITDB_id_8_Medical_tr_17675_1st_17775.csv,234.1072301864624,0.358938156161432,0.9415074190784437,0.3742809559424716,0.9468835673625993,0.4838576607573832,0.49854208021883045,0.46564376344116054,0.44792960630208817,0.8708478760470098
178_SMD_id_1_Facility_tr_6000_1st_10609.csv,7.936496734619141,0.680012068212782,0.8844922509388595,0.3870610612119297,0.7059081331135226,0.7114487622124995,0.7943805874840357,0.5711759504862948,0.2094929675634091,0.7756134798535966
179_SMD_id_2_Facility_tr_5925_1st_17580.csv,7.0684731006622314,0.9516564871345085,0.99963722824438,0.9647004752805706,0.9998421666822817,0.867600677036849,0.8029925187032418,0.8029925187032413,0.07779656921961825,0.9840682488289149
180_SMD_id_3_Facility_tr_5925_1st_17580.csv,3.112499237060547,0.9957573357614584,0.9999709782595505,0.9470145839176123,0.9997850430236074,0.9723026927594354,1.0,0.9999999999999996,0.615678776290631,0.9999692091238994
181_SMD_id_4_Facility_tr_5000_1st_15144.csv,5.61494779586792,0.7753354814455629,0.9881675420938818,0.855127817630898,0.9932245798473647,0.7496202301775797,0.9675013319126265,0.9185580774365816,0.7610343140369946,0.9688827044943218
183_SMD_id_6_Facility_tr_5925_1st_17580.csv,6.5636138916015625,0.9877300613496932,0.999957522725342,0.9995810870948866,0.9999985497361163,0.9938221607095,0.6276803118908382,0.6276803118908377,0.07811741872877243,0.9531790746461087
184_SMD_id_7_Facility_tr_7119_1st_15849.csv,7.921665906906128,0.637791887073995,0.9567111050072994,0.6129441295994311,0.9564489993100145,0.6598968027226049,0.8905785123966942,0.7819336626676071,0.7268398994408802,0.9562152146667703
185_SMD_id_8_Facility_tr_5000_1st_15144.csv,5.563657760620117,0.5862219830421246,0.9720791442502844,0.6814343136458876,0.9811506080148427,0.6082675608526555,0.930327868852459,0.8225024248302614,0.6272007429010751,0.9615924912380471
187_SMD_id_10_Facility_tr_5000_1st_15849.csv,5.438246965408325,0.532806308325688,0.8709051915321288,0.5370777859833534,0.8748064494646574,0.5218845273501898,0.8063179699637494,0.7790973871733963,0.4238357498912302,0.7960756367142368
188_SMD_id_11_Facility_tr_500_1st_392.csv,2.577634811401367,0.3879545132221046,0.9133885467760966,0.27941912828583115,0.8614079843143952,0.47141811826145413,0.6380368098159509,0.5027746947835733,0.4501206008118168,0.8636290415853268
189_SMD_id_12_Facility_tr_5925_1st_17580.csv,7.28790283203125,0.9807108343951972,0.999864125487895,0.9405413567215434,0.999758792019874,0.9173739515370144,1.0,0.9999999999999996,0.91591451697432,0.9997186720575824
190_SMD_id_13_Facility_tr_7119_1st_15849.csv,8.172353029251099,0.7613540012487716,0.9754358143168647,0.5688371730026546,0.8739334698337338,0.7608181092422052,0.9521615875265769,0.6937693327441443,0.37811277913372093,0.7514509468783183
191_SMD_id_14_Facility_tr_4596_1st_4696.csv,6.010258913040161,0.8618429809793281,0.9986862580036223,0.8076326447881512,0.998512827678812,0.7692257898086962,0.7448979591836735,0.7222222222222218,0.17118574233817238,0.9972621915951818
192_SMD_id_15_Facility_tr_5925_1st_17580.csv,6.28475022315979,0.9976683116038894,0.9999836422917466,0.9435268060108296,0.9997708970423792,0.9728046713959475,0.8029925187032418,0.8029925187032413,0.368,0.9985940194689658
194_SMD_id_17_Facility_tr_5925_1st_17580.csv,6.33147120475769,0.8494615244033221,0.9971284306995136,0.7982058121845926,0.997410643868109,0.8458732549966289,0.7419354838709677,0.695652173913043,0.13067188075948177,0.9894680958141628
195_SMD_id_18_Facility_tr_5925_1st_17580.csv,7.557761907577515,0.9877300613496932,0.999957522725342,0.9984490823550948,0.9999946307943431,0.9938221607095,0.6505050505050505,0.65050505050505,0.09292929292929292,0.9579220739926526
196_SMD_id_19_Facility_tr_7174_1st_21230.csv,8.59238314628601,0.8695733805508127,0.9989710873912434,0.8765282840424959,0.9993891707746004,0.7720157255552134,0.7710843373493976,0.7553648068669523,0.5499199599236777,0.9942530744487605
197_SMD_id_20_Facility_tr_5000_1st_15144.csv,5.565738201141357,0.7584091037945424,0.9874734187624773,0.845984652629528,0.9922592681281267,0.7622360448527956,0.9649309245483528,0.9112903225806446,0.7991648708312676,0.973190038329615
198_SMD_id_21_Facility_tr_5925_1st_17580.csv,4.038863182067871,0.8465949264189757,0.9978975068214282,0.8243441385650417,0.9983067936919161,0.8028625023099657,0.7453703703703703,0.7027027027027022,0.14446843409278431,0.996016538760231
199_SMD_id_22_Facility_tr_5925_1st_17580.csv,6.963184118270874,0.9940162193880895,0.9999562035553214,0.944495285391966,0.9997748241272539,0.9545404649021152,0.8029925187032418,0.8029925187032413,0.10303999999999999,0.9985474790901943
201_SMD_id_24_Facility_tr_7174_1st_21230.csv,8.253798723220825,0.9009703840962435,0.9991353282987784,0.9480156377967676,0.9997399693358299,0.8106616823773121,0.7888446215139442,0.7763713080168771,0.5952269278770559,0.9926037996593611
202_SMD_id_25_Facility_tr_6250_1st_21230.csv,7.274261951446533,0.8572969341198714,0.9995314904074029,0.8792617643642628,0.999753426106291,0.769226008922705,0.41379310344827586,0.41379310344827547,0.047982551799345685,0.9634798300959074
203_SMD_id_26_Facility_tr_7174_1st_21230.csv,8.468779802322388,0.6975595504355497,0.9970692609298827,0.7717133676179667,0.9981257818371775,0.6594156892255445,0.7272727272727273,0.5868725868725864,0.4718645450047588,0.9679428303408935
204_SMD_id_27_Facility_tr_5000_1st_15144.csv,5.3591859340667725,0.6586502650887823,0.966574670664928,0.7722405057697378,0.9807408064450074,0.6582899791496833,0.963395225464191,0.9068825910931169,0.8134389081402079,0.9647331370102741
205_SMD_id_28_Facility_tr_5925_1st_17580.csv,6.730297088623047,0.9817073170731707,0.9999362840880129,0.9992090345516763,0.9999972448684398,0.9907642312204947,0.6452905811623246,0.6452905811623242,0.10012437810945274,0.9564417781036765
206_SMD_id_29_Facility_tr_6250_1st_21230.csv,6.875946044921875,0.7342929965256941,0.9994506709835177,0.9351203873514573,0.9998786159980075,0.7643263370021444,0.7857142857142857,0.7721518987341767,0.753386454183267,0.9992347486037451
207_SMD_id_30_Facility_tr_7174_1st_21230.csv,8.293339014053345,0.5457724877650827,0.9968854805334558,0.8086025572270487,0.9986204489774992,0.6948129461970539,0.735632183908046,0.5996204933586332,0.5843066247812981,0.9839333930626484
208_SMD_id_31_Facility_tr_5000_1st_15144.csv,5.909768104553223,0.6657725989533363,0.9746179177846016,0.7871111820082614,0.9849433111579099,0.6304726124344142,0.959830866807611,0.8964577656675744,0.8016598187502508,0.9719888499599589
209_SMD_id_32_Facility_tr_5925_1st_17580.csv,6.129213094711304,0.5145822190355791,0.8971701692389602,0.5485718566474759,0.9009797540312872,0.7542037896686572,0.7203579418344519,0.6478873239436614,0.13081761006289308,0.8923886545453515
211_SMD_id_34_Facility_tr_5925_1st_17580.csv,6.487054109573364,0.9930026667357996,0.9999503992072316,0.9427070949199826,0.9997675733423562,0.9495499060745292,0.8029925187032418,0.8029925187032413,0.5039123630672927,0.9985991315953734
212_SMD_id_35_Facility_tr_5925_1st_17580.csv,6.786972761154175,0.997549559792303,0.9999828507897344,0.9608656756851215,0.9998412161771357,0.9723026927594354,1.0,0.9999999999999996,0.9668825475833593,0.9998866540147209
213_SMD_id_36_Facility_tr_5925_1st_17580.csv,6.555121898651123,0.9547489927985517,0.9996686244908664,0.9627759047884706,0.9998310876579329,0.8773792713861062,0.8029925187032418,0.8029925187032413,0.8029925187032418,0.9985388404378543
214_SMD_id_37_Facility_tr_5925_1st_17580.csv,7.450709104537964,0.9519156926572235,0.999643296426474,0.9627733614618358,0.9998310722275141,0.863383050432735,0.8029925187032418,0.8029925187032413,0.09725158562367864,0.9865123253311251
215_SMD_id_38_Facility_tr_5925_1st_17580.csv,6.352468252182007,0.9836602352153677,0.999882330034177,0.9442799811120521,0.9997739507161764,0.9279489164697848,1.0,0.9999999999999996,0.9160543215075272,0.9998310854418053
216_LTDB_id_1_Medical_tr_500_1st_266.csv,15.950620174407959,1.0,0.7976830175100397,0.5609917956435754,0.8633869976477543,0.9999950000249999,0.760049760085303,0.6417834921494696,0.3405631352611261,0.8102672715205824
218_LTDB_id_3_Medical_tr_500_1st_266.csv,16.310142993927002,0.311197620889887,0.7092203336363154,0.4159711199511268,0.7985535906682302,0.4411784814996716,0.6854823735377596,0.55794119832158,0.3599688315389907,0.7931373689105754
219_LTDB_id_4_Medical_tr_3618_1st_3718.csv,18.48755693435669,0.6375135546262714,0.9430504446739043,0.7521664406107441,0.9660688649457688,0.7066135728353128,0.9016404374499867,0.7624287082657714,0.4679593371687844,0.8287238370078377
220_LTDB_id_5_Medical_tr_500_1st_26.csv,15.220170021057129,0.29807668211753424,0.5309298794201067,0.35065179095959464,0.5752138279867299,0.5486789741710779,0.532091603932463,0.48044505665948706,0.32853991589994685,0.7676737711575681
221_LTDB_id_6_Medical_tr_500_1st_26.csv,17.14424991607666,0.2857589551082198,0.44824677990359263,0.37962055100097725,0.5439933348487267,0.4801381197456297,0.6311198725392239,0.4800687442016087,0.3805290826175832,0.7669612644001548
222_LTDB_id_7_Medical_tr_3618_1st_3718.csv,18.804435968399048,0.7814032558312365,0.9599660950359094,0.8467985752609332,0.9749706992349338,0.7290883303240359,0.9098690349776362,0.8610347595534036,0.7070235011101831,0.9108339140356424
223_LTDB_id_8_Medical_tr_4456_1st_4556.csv,18.736913919448853,1.0000000000000002,0.9611883994265816,0.9278852378853224,0.9852572275691343,0.9999950000249999,0.9314601958280119,0.8977295938757198,0.6518873321269959,0.9297856313146414
224_LTDB_id_9_Medical_tr_4456_1st_4556.csv,18.623091220855713,0.4865307801650544,0.7749001789557696,0.6233241779727758,0.8725874681252641,0.5155278253566484,0.8064631026778487,0.6745822692285401,0.4057093995100967,0.7830075249385074
225_MGAB_id_1_Synthetic_tr_25000_1st_38478.csv,5.8074049949646,0.5480436527638884,0.9424254008016032,0.5761427384017073,0.9889772866940544,0.7251134970357047,0.745920745920746,0.7396593673965931,0.6910399696912295,0.8742364630940413
226_MGAB_id_2_Synthetic_tr_20000_1st_45134.csv,16.898555755615234,0.4550950795402673,0.9764886318915245,0.4939146893105806,0.9807546730524775,0.6537348639474411,0.6611570247933884,0.6579925650557615,0.6185669252293415,0.9127511894713668
227_MGAB_id_3_Synthetic_tr_25000_1st_44340.csv,21.752960205078125,0.6552513915994155,0.981290506012024,0.6766427288651363,0.9818866826830729,0.7919749499376593,0.7980049875311721,0.7969735182849932,0.7532867806405008,0.8686249249072306
228_MGAB_id_4_Synthetic_tr_25000_1st_38948.csv,24.026268005371094,0.5904819357693631,0.9866917334669338,0.6178365526132034,0.9871629873615295,0.7315864614058065,0.7494145199063232,0.7448609431680768,0.6992790937178166,0.8304170231020035
229_MGAB_id_5_Synthetic_tr_25000_1st_33098.csv,5.828689098358154,0.5953764982386553,0.9162797344689378,0.6294324792766502,0.9807552440659079,0.756887230640877,0.7843137254901961,0.7788523533204379,0.7231039237808701,0.8726338552518204
231_MGAB_id_7_Synthetic_tr_25000_1st_35544.csv,21.709594011306763,0.6125232027042674,0.9013013777555109,0.6347408298876646,0.9577247444787469,0.766912293297087,0.7881773399014779,0.7841127482383083,0.7317308883657541,0.8849135266179079
232_MGAB_id_8_Synthetic_tr_25000_1st_32708.csv,21.86695098876953,0.5739604992834879,0.9763540080160321,0.6160806102684021,0.9962471802852975,0.7363370552298151,0.7511737089201878,0.7474382157926456,0.7033977193390739,0.8652638639565302
233_MGAB_id_9_Synthetic_tr_25000_1st_41300.csv,21.83372402191162,0.676650631805556,0.9434160571142284,0.7798609679937734,0.9775134921139794,0.8075959625902548,0.8352668213457076,0.8294930875576032,0.7732994816460385,0.8766372248274215
234_SED_id_1_Medical_tr_3740_1st_3840.csv,2.3480708599090576,0.7499345736619483,0.989572938004447,0.9211494954321524,0.9968823196559595,0.7961993353060444,0.8864265927977839,0.8432178508514381,0.8287748772208162,0.9850468535453012
236_SED_id_3_Medical_tr_3740_1st_3840.csv,3.5757029056549072,1.0,0.9825695626641283,0.8174282745545335,0.9918784588277402,0.9999950000249999,0.700864553314121,0.6613183629119879,0.67235883880942,0.9748156024246699
237_SVDB_id_1_Medical_tr_11587_1st_11687.csv,23.337000131607056,0.937934338258389,0.9956964174740197,0.9493527289358313,0.9973069986734246,0.9513282657731448,0.9655037240297922,0.9642748401502075,0.6621039753914105,0.983207810304595
238_SVDB_id_2_Medical_tr_25000_1st_71963.csv,41.95600199699402,0.6416204993800895,0.9719090847025298,0.6366955918769994,0.980351441438632,0.7157441301010091,0.9272976680384087,0.8735083532219565,0.40811594202898555,0.9470436635348584
239_SVDB_id_3_Medical_tr_50000_1st_106634.csv,72.24591207504272,0.6826763809067707,0.9127719580037694,0.5995423649108315,0.9029974468994111,0.7749527290186274,0.8770445572476029,0.8031629123025168,0.6535557121750277,0.8770838417322137
240_SVDB_id_4_Medical_tr_18462_1st_18562.csv,37.192270040512085,0.7161406264626158,0.8731948210127083,0.6993427987298401,0.9163401659958139,0.6847037613843707,0.8681656421869945,0.8203908041825433,0.6111714203103865,0.8906655136833684
241_SVDB_id_5_Medical_tr_11587_1st_11687.csv,25.592087984085083,0.9299700066341462,0.9936539502660412,0.9489352614689219,0.9964357296721101,0.9490754073970599,0.9708795269770879,0.9694210172297816,0.770081144280843,0.9782427374346641
243_SVDB_id_7_Medical_tr_11393_1st_11493.csv,40.6684250831604,0.6579821470296184,0.9710337553513275,0.8072226687989806,0.9930820143977573,0.7971326172881977,0.8154954425169068,0.807426730090532,0.4979098828049038,0.9747660256912428
244_SVDB_id_8_Medical_tr_17803_1st_17903.csv,33.16007375717163,0.7277716209982731,0.8789237836826214,0.6555024784765459,0.9205894699462525,0.7736025388976403,0.8856408174313168,0.8628982016031892,0.7657004615438825,0.8671053085718987
245_SVDB_id_9_Medical_tr_12607_1st_12707.csv,30.89030408859253,0.6304905205094018,0.8628315013306253,0.5714996445382564,0.8960660338721288,0.6257692233058272,0.7509310246045134,0.7051324711687491,0.6367660089123518,0.8609900461036308
246_SVDB_id_10_Medical_tr_20100_1st_68460.csv,11.348759174346924,0.1851894514048136,0.8254385584084357,0.20561959468893773,0.9002990449433018,0.34285215289469156,0.592797783933518,0.4784688995215306,0.35899434808029623,0.8768811128801252
247_SVDB_id_11_Medical_tr_20100_1st_23611.csv,30.321340322494507,0.8138363333943213,0.9538707377874202,0.8309015944978517,0.9831656455296836,0.8752168315437072,0.9968354430379747,0.9959623149394342,0.8543138695718058,0.9933789371538296
248_SVDB_id_12_Medical_tr_18462_1st_18562.csv,37.29995608329773,0.7368820936340583,0.9037094589490796,0.7696919126817842,0.9598807994114504,0.7220694613986769,0.8721156971075723,0.8274510826445352,0.6697169129401086,0.913875012007821
249_SVDB_id_13_Medical_tr_50000_1st_54982.csv,79.55144500732422,0.606672969329972,0.9334620915500338,0.6443108602243139,0.9482681695912747,0.6632373390714474,0.7108813646937193,0.6886030421483896,0.6242744395457022,0.8736502450002381
250_SVDB_id_14_Medical_tr_50000_1st_107354.csv,81.62075710296631,0.45541020107836067,0.964450704928659,0.3199710060789179,0.9267761269200574,0.5027926021355396,0.9505764734338467,0.4951188986232786,0.2871032785316634,0.9455973482746965
251_SVDB_id_15_Medical_tr_5421_1st_5521.csv,36.617218255996704,0.41611303508719255,0.9559025112087272,0.5132772608658182,0.9628940491216077,0.5605894268401989,0.7462365591397849,0.7343507264918208,0.5068954521913694,0.9494541866639806
253_SVDB_id_17_Medical_tr_17803_1st_17903.csv,28.94295597076416,0.7581831420027477,0.8679882584540737,0.7669277267815554,0.9268976212997146,0.8232757829091143,0.9545511456116189,0.9426064741671982,0.8420994834187864,0.9767233014718272
254_SVDB_id_18_Medical_tr_30824_1st_30924.csv,92.92476606369019,0.7058487127978867,0.9608990383431695,0.7944887800630986,0.9908994366446068,0.7663127999910168,0.8944121915820029,0.8619429512204242,0.690169853680669,0.9601151696210077
255_SVDB_id_19_Medical_tr_50000_1st_54982.csv,71.81119990348816,0.32545713059073145,0.8102282741352405,0.25102125662927605,0.8166083673460549,0.42524337437691034,0.542235294117647,0.4958580005988428,0.43248912719041593,0.7489486940844974
256_SVDB_id_20_Medical_tr_6264_1st_6364.csv,27.297402143478394,0.4836554813997062,0.9747192635221905,0.6210644322128551,0.9861899684043343,0.6625091572264388,0.6648850881881346,0.659732272069464,0.4410494870288805,0.9637897642800897
257_TAO_id_1_Environment_tr_500_1st_3.csv,1.1510570049285889,0.5034213268578303,0.9298705521418364,0.9707512529400222,0.9949804714045382,0.5567048119411944,0.5625546806649169,0.5467255323950804,0.7034404044256085,0.8826860798004132
258_TAO_id_2_Environment_tr_500_1st_4.csv,1.0093259811401367,0.4213675475433023,0.8543760718248764,0.9658581289332842,0.9904159778257485,0.47740219887176727,0.49289327872801736,0.4751174006579331,0.7073407996334162,0.8370191870097666
260_IOPS_id_1_WebService_tr_5000_1st_11804.csv,8.00385570526123,0.8235294117647058,0.9999249474632244,0.8631252374675813,0.999941786580582,0.9032208533049979,0.1414141414141414,0.14141414141414127,0.06542056074766356,0.7868516384944769
261_IOPS_id_2_WebService_tr_2178_1st_2278.csv,2.636381149291992,0.5,0.9996582365003418,0.9884999113890987,0.9999921378842827,0.6666622222518517,0.23076923076923078,0.23076923076923056,0.09667673716012085,0.8330358590279218
262_IOPS_id_3_WebService_tr_7028_1st_7128.csv,35.94447302818298,1.0,0.9469297982551602,0.1975295005221454,0.8184289822237188,0.9999950000249999,0.7097543524922489,0.3063773698649728,0.15575525518833033,0.8223087195270123
263_IOPS_id_4_WebService_tr_3482_1st_3582.csv,39.53041219711304,1.0,0.994411773816815,0.8009388258460746,0.9965928765461234,0.9999950000249999,0.6069919323857088,0.5732165206508131,0.3269449012169129,0.9477600323960094
264_IOPS_id_5_WebService_tr_11665_1st_11765.csv,24.49841809272766,1.0,0.9762166510082342,0.40161231460017727,0.9765913396946655,0.9999950000249999,0.8734852157052836,0.691124260355029,0.38410064633207874,0.8875479818561313
266_IOPS_id_7_WebService_tr_4010_1st_4110.csv,27.911544799804688,0.7165475411017053,0.995652845854245,0.7542534214958582,0.9963633332713879,0.7324986469342939,0.9583048530416951,0.8382953204495768,0.7454440392846411,0.9433525563569005
267_IOPS_id_8_WebService_tr_1534_1st_1882.csv,2.2306039333343506,0.39919974303477396,0.9497031053782112,0.749111666121735,0.9967967605141612,0.5714235719258277,0.7681159420289855,0.6521739130434778,0.43958110522514254,0.9607318231598525
268_IOPS_id_9_WebService_tr_6216_1st_6316.csv,12.041927099227905,0.6413275434156558,0.9751939701849879,0.6754711391963296,0.9794231538286418,0.6062233792607448,0.9690140845070423,0.9063336306868862,0.6980873106107284,0.9620940399316045
269_IOPS_id_10_WebService_tr_1216_1st_1728.csv,1.6327691078186035,0.8376817850943822,0.9977397228353663,0.8460808964939593,0.9984179602152304,0.7722722321664189,1.0,0.9999999999999996,0.7631831255992331,0.9992301622701776
271_IOPS_id_12_WebService_tr_500_1st_341.csv,0.9762299060821533,0.4195181736728859,0.668255613194787,0.5765747898884825,0.8833423477544963,0.5139619188320345,0.8016528925619835,0.6943396226415088,0.5256204405170519,0.8382362284392955
272_IOPS_id_13_WebService_tr_3442_1st_3542.csv,40.530184745788574,1.0000000000000002,0.9954022312531867,0.7633979239342745,0.9967916099878673,0.9999950000249999,0.5194915254237288,0.4968463886063068,0.39785835169428513,0.9402222535749545
273_IOPS_id_14_WebService_tr_5569_1st_5669.csv,41.059500217437744,0.9999999999999999,0.7673360990121753,0.2635471755731421,0.972843539473286,0.9999950000249999,0.41471571906354515,0.3656512780531266,0.28121314359094274,0.830531861957419
274_IOPS_id_15_WebService_tr_4591_1st_4691.csv,41.148764848709106,0.9999999999999999,0.9474467310661014,0.6907365316858356,0.9748567783398342,0.9999950000249999,0.9494663933846915,0.83695343980827,0.5742433828445695,0.8812026738867691
275_IOPS_id_16_WebService_tr_1482_1st_1582.csv,1.7023110389709473,0.1512263144003599,0.5894712935018581,0.3102120174091655,0.9652342879264968,0.351140073492489,0.49477351916376305,0.2639593908629439,0.19633978482541645,0.8097356260344808
276_IOPS_id_17_WebService_tr_19197_1st_19297.csv,41.70236802101135,1.0,0.9977256420471865,0.8758543111250267,0.9973876650980107,0.9999950000249999,0.5565517986388678,0.5565517986388675,0.07826661091433564,0.8051279077393109
277_NEK_id_1_WebService_tr_500_1st_17.csv,0.9130990505218506,0.9287806419311794,0.9894208583294878,0.9245228109713525,0.9899837059432188,0.8915612832329467,0.9832402234636871,0.97986577181208,0.6804250843277356,0.9389328624390242
278_NEK_id_2_WebService_tr_500_1st_64.csv,0.6562459468841553,0.5527903334933627,0.8294871794871794,0.5742408354337702,0.8878071856562457,0.5773151663639688,0.9552238805970149,0.8408408408408402,0.5535059262557512,0.8881902728785491
279_NEK_id_3_WebService_tr_500_1st_974.csv,0.7918288707733154,0.9932659256279148,0.999183097961102,0.9948454968856063,0.9995515891829707,0.9659040967458634,1.0,0.9999999999999996,0.5942327497425335,0.9996901019590161
281_NEK_id_5_WebService_tr_500_1st_974.csv,0.6703860759735107,0.9910437840409921,0.999296262113521,0.9979153070600468,0.9998609599090603,0.972370694448918,1.0,0.9999999999999996,0.558766859344894,0.9990114570275329
282_NEK_id_6_WebService_tr_500_1st_64.csv,0.7414820194244385,0.5438135649098206,0.8608989470375609,0.598558314199787,0.9323468437174425,0.5686227278362329,0.84,0.7451820128479651,0.4518562578866101,0.9231002569345682
283_NEK_id_7_WebService_tr_500_1st_777.csv,0.9327840805053711,0.8356223701076797,0.9659846100034977,0.8507779880660321,0.9746511537478824,0.7800779876700004,1.0,0.9999999999999996,0.41851173630764116,0.9896664981177026
284_NEK_id_8_WebService_tr_500_1st_976.csv,0.8788838386535645,0.9376794224451795,0.9923609208002193,0.9544591500576713,0.9952456716697785,0.858752062335599,1.0,0.9999999999999996,0.4889643463497454,0.9989937212398189
285_NEK_id_9_WebService_tr_500_1st_780.csv,0.8314700126647949,0.8188182785388669,0.9689023220111304,0.8527743722538007,0.977859793049705,0.7598203436569538,1.0,0.9999999999999996,0.429805337114864,0.9904361574788927
286_CATSv2_id_1_Sensor_tr_17792_1st_17892.csv,31.505597829818726,0.9999999999999997,0.7081505801997651,0.40918619245841004,0.7228481597422204,0.9999950000249999,0.627088387421614,0.4722240504221847,0.2523765193128061,0.7194911910795524
287_TODS_id_1_Synthetic_tr_500_1st_11.csv,1.5633070468902588,0.3221637518092192,0.9231420373375245,0.9006949559404043,0.988196058164652,0.4009447167200574,0.40217391304347827,0.39857234580957007,0.7178553929983871,0.8853316290256237
288_TODS_id_2_Synthetic_tr_500_1st_65.csv,1.06858491897583,0.807398445327158,0.9628165782011937,0.9212858595780152,0.9830844409021761,0.7946774224943619,0.8445171849427169,0.689305625950329,0.678664653866519,0.8700161353450718
289_TODS_id_3_Synthetic_tr_500_1st_26.csv,1.2341220378875732,0.2821469347396173,0.8734399069226294,0.8269449188211131,0.9749817516997651,0.37794782114757397,0.5197215777262181,0.4169381107491852,0.5992572159410826,0.7899973740841056
290_TODS_id_4_Synthetic_tr_500_1st_26.csv,1.257321834564209,0.5984552047048554,0.9298919559256466,0.832121109356148,0.9681586061849418,0.6028663120456974,0.8915956151035322,0.5657759506680364,0.6167843678199394,0.8123164796245335
292_TODS_id_6_Synthetic_tr_500_1st_11.csv,1.4110021591186523,0.348946686670215,0.9103744181928871,0.9040557129333252,0.9871450220319213,0.42407201615866713,0.4211994421199442,0.41796353935082214,0.7525315885170364,0.8770742818756484
293_TODS_id_7_Synthetic_tr_500_1st_7.csv,1.4506659507751465,0.2921968369297262,0.8909512507980293,0.7766802334475007,0.9828565996157116,0.38614734730776556,0.6187419768934531,0.4556777624007571,0.5017679185349918,0.9386704273935204
294_TODS_id_8_Synthetic_tr_500_1st_200.csv,1.2349896430969238,0.5432639458855638,0.8965806367090265,0.810124062798433,0.971364533173914,0.5019377171847268,0.9389671361502347,0.8159692570452599,0.5350289235101968,0.943747048832662
295_TODS_id_9_Synthetic_tr_1250_1st_2046.csv,1.2746663093566895,0.30156206871410607,0.8289587852494577,0.6821212747357034,0.95474574809326,0.3467499586324792,0.8571428571428571,0.6217765042979937,0.6324118957724644,0.936966818024761
296_TODS_id_10_Synthetic_tr_500_1st_26.csv,1.096832036972046,0.35716521908795756,0.9181671000343422,0.8474201794707543,0.9846277674844182,0.4330850246550149,0.5265588914549654,0.4557359874279723,0.6895207271539163,0.8726333976501456
297_TODS_id_11_Synthetic_tr_500_1st_7.csv,1.3091580867767334,0.47469921635221723,0.940172768601316,0.8804171115670915,0.9918190522624344,0.5081620087374568,0.847972972972973,0.7133757961783435,0.6283452914200827,0.9693231936094975
298_TODS_id_12_Synthetic_tr_500_1st_0.csv,1.4341959953308105,0.3226446818403338,0.8552524580468692,0.9504162659149659,0.9927634109463671,0.3615420208034422,0.8764044943820225,0.7072975140336804,0.7939270108000313,0.9696223512509419
299_TODS_id_13_Synthetic_tr_500_1st_65.csv,1.1691761016845703,0.30637825097207544,0.8869628505822534,0.7940594560608563,0.9852144556195382,0.3688475074569582,0.7251655629139073,0.5660755837278338,0.8552887259084819,0.9552615103056542
301_TODS_id_15_Synthetic_tr_500_1st_245.csv,1.1350440979003906,0.28814079230103945,0.8738827780434667,0.6691558328671371,0.9595662476107067,0.4422133150724448,0.7945736434108527,0.4812030075187966,0.5861084599246222,0.9466806982545326
302_Power_id_1_Facility_tr_7685_1st_7785.csv,8.714975118637085,0.6744049708250384,0.9727365948813982,0.7198521583923162,0.9807391912532941,0.7895818779935241,0.9678980480722698,0.8420343550016836,0.7442795392467944,0.9758207380368291
304_UCR_id_2_Medical_tr_2499_1st_7000.csv,17.724630117416382,0.9296237363706665,0.9998994772818657,0.9436987009530908,0.9997732355124213,0.9900940104163829,0.9900990099009901,0.9898989898989894,0.9803921568627451,0.9999484871465373
309_UCR_id_7_Medical_tr_3000_1st_5948.csv,18.012157917022705,0.5425915612159964,0.9977703424880338,0.8774543116423362,0.9995655260060362,0.6382935265121599,0.6474820143884892,0.6370370370370365,0.6296433752825669,0.9979059003220377
326_UCR_id_24_Medical_tr_1875_1st_4187.csv,10.724406003952026,0.41379310344827586,0.9988650020029377,0.9467833460945564,0.9998969033036289,0.5853617132951986,0.2891566265060241,0.2891566265060238,0.2891566265060241,0.9971179222676985
346_UCR_id_44_Medical_tr_7456_1st_17390.csv,54.85375499725342,0.535002437369052,0.9878538420092838,0.42926804745960523,0.9887651232598479,0.6071379863273418,0.5360824742268041,0.42159383033418985,0.21568289629348864,0.8610504021079318
361_UCR_id_59_Medical_tr_3000_1st_7175.csv,17.539976119995117,0.8449146967468698,0.997865476846259,0.9725524149583619,0.9996525495045318,0.8786561470665252,0.9748283752860412,0.9364161849710977,0.8765432098765432,0.9977449260836878
371_UCR_id_69_Medical_tr_1853_1st_6200.csv,12.042441129684448,0.8761778411836908,0.9946222546989811,0.9318898698640138,0.9976988479267964,0.826493449064153,1.0,0.9999999999999996,0.6378205128205129,0.999145675099287
382_UCR_id_80_Medical_tr_7500_1st_11800.csv,55.67883801460266,0.7023753609286739,0.9984732884399551,0.8573569759290511,0.9991509285461921,0.915768386716715,0.9273570324574961,0.9242902208201886,0.9162357719777535,0.9991801928397845
391_UCR_id_89_Medical_tr_1875_1st_5759.csv,10.049463033676147,0.9192401728420536,0.997534059945504,0.902085766003692,0.9974796813415356,0.8328025714557415,1.0,0.9999999999999996,0.6577181208053691,0.9988154510475621
396_UCR_id_94_Medical_tr_1875_1st_5607.csv,11.93399977684021,0.689019496067607,0.9987611373749987,0.9765973367726251,0.9999334946567554,0.8421002770378333,0.627906976744186,0.609756097560975,0.3435810172055209,0.9981157824769703
415_UCR_id_113_Medical_tr_3000_1st_8612.csv,17.243718147277832,0.9346934787994581,0.9995243229786354,0.9902636911945575,0.9999434197318144,0.9279229478394053,0.9541284403669725,0.9431818181818176,0.5428819034113291,0.9994503683432027
436_UCR_id_134_Medical_tr_1875_1st_4526.csv,10.667823791503906,0.12526389085437648,0.9864007495649846,0.6162003894740764,0.9965436363007641,0.27368155127237626,0.5660377358490566,0.27472527472527447,0.18597997138769673,0.9681099017505137
437_UCR_id_135_Medical_tr_2499_1st_8000.csv,12.510321140289307,0.8006418939321228,0.9993682943948662,0.688008118302431,0.9993211004465551,0.716413232376281,0.33783783783783783,0.33783783783783755,0.3067484662576687,0.9622355386442054
307_UCR_id_5_Facility_tr_29895_1st_39240.csv,47.81494188308716,1.0000000000000002,0.28354275816566793,0.0006284978015750522,0.32919493412312756,0.9999950000249999,0.004496697737598951,0.0018910480542888358,0.02854112428888246,0.6666662181583576
331_UCR_id_29_Facility_tr_50000_1st_837400.csv,85.85143518447876,1.0,0.8081859721958471,0.007089610279363243,0.8088616830495436,0.9999950000249999,0.8644800406814137,0.023350907871727757,0.03227025392986699,0.7429803950046344
332_UCR_id_30_Facility_tr_13750_1st_52600.csv,53.35671305656433,1.0,0.9999511405109489,0.985275286306089,0.9999662226990248,0.9999950000249999,0.9259259259259259,0.9259259259259254,0.6042296072507553,0.9975793722708834
349_UCR_id_47_Facility_tr_29954_1st_74900.csv,49.378172874450684,0.9999999999999999,0.6074783910916588,0.0011617462575421482,0.6373862711758875,0.9999950000249999,0.009529954831984912,0.0028287908041848115,0.05128205128205128,0.781912152122046
358_UCR_id_56_Facility_tr_10500_1st_29080.csv,34.79676699638367,0.14001375578201283,0.9755356859004929,0.15339077014437538,0.9911850102624925,0.28060965225219253,0.3022670025188917,0.2842377260981909,0.4912280701754386,0.9101262697688797
406_UCR_id_104_Facility_tr_20000_1st_67950.csv,61.25500202178955,0.9999999999999998,0.9999757993730407,0.9498285386453883,0.9998964603124877,0.9999950000249999,0.9523809523809523,0.9523809523809518,0.6265664160401002,0.9980302998395453
419_UCR_id_117_Facility_tr_3000_1st_6168.csv,16.843186855316162,0.8291169844617531,0.9986170884150978,0.9324871330701112,0.99975388200463,0.8266618169173408,0.6153846153846154,0.5801526717557247,0.5602527455995185,0.9975205925434316
420_UCR_id_118_Facility_tr_13750_1st_52600.csv,20.176610231399536,0.7733388267553126,0.9993229927007299,0.9382403445169918,0.9998536189512228,0.8584637033895909,0.8968609865470852,0.8894230769230764,0.5633300939423389,0.9973846899571285
432_UCR_id_130_Facility_tr_23000_1st_26970.csv,14.26990294456482,0.8081542890230258,0.9985676117775354,0.7646991215442573,0.9990513800845824,0.8718751997097374,0.9389671361502347,0.9307282415630544,0.48629148629148633,0.9525917788633217
452_UCR_id_150_Facility_tr_10000_1st_35774.csv,27.260333776474,0.6528395061728395,0.9993313283208021,0.8568666197302066,0.9997464661697953,0.7633540586504769,0.847457627118644,0.7999999999999995,0.7633587786259541,0.999369046593268
471_UCR_id_169_Facility_tr_10000_1st_35774.csv,31.90097999572754,0.006629559166198406,0.814119298245614,0.009024005154955822,0.815272937931019,0.024015132569031244,0.02714072465734835,0.02381803024889839,0.21114369501466276,0.8648308611079508
494_UCR_id_192_Facility_tr_22500_1st_72150.csv,43.951226234436035,1.0,0.9996800133199809,0.8303645262408494,0.9995187221398951,0.9999950000249999,0.8060747663551402,0.7999999999999995,0.4968872754468252,0.9980507419687503
500_UCR_id_198_Facility_tr_7482_1st_23357.csv,57.23649716377258,0.44954622012039946,0.9379404183528156,0.396798354311075,0.9593238418990887,0.42406377293426295,0.9,0.7350993377483439,0.3282571912013536,0.966089649070169
517_UCR_id_215_Facility_tr_7482_1st_24005.csv,78.19242525100708,0.25493153118946427,0.9965830142410068,0.3810526162933615,0.9977805855148075,0.5627662720291161,0.37994722955145116,0.36657681940700776,0.1839856482970617,0.8985673112768828
525_UCR_id_223_Facility_tr_50000_1st_250720.csv,72.35320806503296,1.0,0.9909955924933527,0.22301987542910373,0.9933157515231718,0.9999950000249999,0.4132231404958678,0.33405483405483377,0.31567261364463156,0.8324223128533923
310_UCR_id_8_HumanActivity_tr_2631_1st_8285.csv,8.358767032623291,0.025568614260557693,0.8987135506003431,0.04626448408554025,0.9274043947392575,0.09258858042077435,0.5454545454545454,0.08376963350785331,0.07296137339055796,0.8018284521011275
311_UCR_id_9_HumanActivity_tr_16000_1st_38400.csv,28.27527403831482,1.0,0.9767491693037975,0.6969157127391543,0.981891014977342,0.9999950000249999,0.9993753903810119,0.9987228607918257,0.49646948062137136,0.9979987376244897
315_UCR_id_13_HumanActivity_tr_16000_1st_33070.csv,28.296021938323975,1.0,0.9999321988076095,0.522600318479405,0.999037258509274,0.9999950000249999,0.9322033898305084,0.9322033898305079,0.6111111111111112,0.9959020188887834
334_UCR_id_32_HumanActivity_tr_1671_1st_2764.csv,5.399460077285767,0.03917342375385344,0.5945243093081307,0.044265137265888654,0.6133823404472307,0.11547004418378762,0.15364150315929498,0.11295843520782384,0.08810068649885583,0.9007292111020435
341_UCR_id_39_HumanActivity_tr_48812_1st_128430.csv,52.65323209762573,0.9999999999999999,0.9976389123631875,0.05793606141270382,0.9981008784783758,0.9999950000249999,0.004210526315789474,0.004210526315789468,0.0020181634712411706,0.9969579084378667
355_UCR_id_53_HumanActivity_tr_48750_1st_143411.csv,54.07823181152344,1.0,0.9999592355053873,0.1984909539522126,0.9983952132215596,0.9999950000249999,0.1631321370309951,0.16313213703099494,0.053134962805526036,0.9281105082966039
381_UCR_id_79_HumanActivity_tr_16000_1st_31200.csv,26.5150887966156,0.9999999999999999,0.9295729099629653,0.07328909021967743,0.933965130200413,0.9999950000249999,0.6676938880328711,0.14586776859504116,0.1505162827640985,0.7501862648568197
401_UCR_id_99_HumanActivity_tr_1671_1st_5920.csv,6.630762815475464,0.9997175141242938,0.999997441637352,0.996235600408233,0.9999769695921742,0.9915916390337527,1.0,0.9999999999999996,0.9426523297491041,0.9999568898840839
421_UCR_id_119_HumanActivity_tr_48750_1st_130700.csv,74.60077595710754,1.0000000000000002,0.996546177302372,0.5486645239686474,0.9967330700385417,0.9999950000249999,0.7449494949494949,0.6434245366284196,0.3026610798059329,0.9867848600954525
430_UCR_id_128_HumanActivity_tr_12500_1st_46500.csv,29.342369079589844,1.0,0.5727908786049631,0.008453473707836784,0.6229650528403066,0.9999950000249999,0.17953321364452424,0.01650822565036715,0.025525642705397755,0.8364759170352781
439_UCR_id_137_HumanActivity_tr_48750_1st_110800.csv,60.92124629020691,1.0,0.9999512818014451,0.27153561274540233,0.9991175598528966,0.9999950000249999,0.017543859649122806,0.01754385964912279,0.008888888888888887,0.9954119595693314
459_UCR_id_157_HumanActivity_tr_50000_1st_110260.csv,49.71590495109558,1.0,0.9899953076180003,0.058058551499096805,0.9910432346943618,0.9999950000249999,0.11563332065424116,0.08428515163450169,0.06689157873179775,0.7808399804381249
473_UCR_id_171_HumanActivity_tr_2617_1st_7290.csv,8.24266529083252,0.017372814775684517,0.9709105970815013,0.026411528728915393,0.9813854382969532,0.06557199682303674,0.11214953271028037,0.04040404040404036,0.06666666666666667,0.7700090543802195
516_UCR_id_214_HumanActivity_tr_2108_1st_4702.csv,6.409183979034424,0.047857688833298585,0.9925952296190815,0.04754901960784316,0.9934140263438951,0.11428326535859946,0.16393442622950818,0.07272727272727264,0.047706422018348627,0.7660215170848398
530_UCR_id_228_HumanActivity_tr_16250_1st_38500.csv,29.834120988845825,0.9999999999999999,0.9442960072127768,0.6975296376919726,0.9675132008405052,0.9999950000249999,0.916030534351145,0.8769574944071583,0.5082870813397129,0.9973668789598816
319_UCR_id_17_Environment_tr_6166_1st_19280.csv,31.42470097541809,0.9408314541600816,0.999570275839556,0.8991889316790862,0.9995464821971425,0.8590114055651085,0.8815426997245179,0.8676923076923071,0.8363211223694466,0.9989918131073755
385_UCR_id_83_Environment_tr_2046_1st_6006.csv,6.208544015884399,0.45883836120061955,0.9941374242051786,0.6139751585797109,0.9962949067396815,0.5714236735113699,0.46153846153846156,0.4615384615384611,0.21052631578947367,0.9280583254677011
387_UCR_id_85_Environment_tr_2046_1st_5549.csv,7.355211973190308,0.9959195022453063,0.9999769542772862,0.9524410687606181,0.9998070258387213,0.979586838842659,0.8888888888888888,0.8888888888888884,0.888888888888889,0.9993377011096048
393_UCR_id_91_Environment_tr_2046_1st_4852.csv,7.196415901184082,0.7703809517566235,0.9987580916093085,0.7675537774047578,0.9990066019036036,0.8518469136088744,0.8727272727272727,0.8679245283018864,0.8551282051282053,0.9991102974976402
400_UCR_id_98_Environment_tr_2046_1st_5391.csv,6.1997809410095215,1.0,1.0,1.0,1.0,0.9999950000249999,0.023809523809523808,0.023809523809523787,0.03508771929824561,0.8633800412816917
411_UCR_id_109_Environment_tr_2046_1st_4852.csv,7.044308185577393,0.9773046000402983,0.9998975745657163,0.9514657078164287,0.9998058356079947,0.949489954112599,0.8648648648648649,0.8648648648648642,0.8648648648648648,0.9991682252333477
445_UCR_id_143_Environment_tr_6166_1st_19280.csv,31.870402097702026,0.9070423429951477,0.9991731954135553,0.8609216135584326,0.9992921219212088,0.8534152044345404,0.8938547486033519,0.881987577639751,0.8451275343361673,0.9991110168104563
463_UCR_id_161_Environment_tr_2046_1st_6006.csv,7.742272853851318,0.42641824128173245,0.9960412569649295,0.5975267823381603,0.9973124343825891,0.6213542464344337,0.8067226890756303,0.7356321839080454,0.5277161862527716,0.9982476934264626
467_UCR_id_165_Environment_tr_6166_1st_19280.csv,29.687229871749878,0.054697412758805186,0.9198945709389154,0.05980372239734085,0.9244835708070548,0.15852047336087394,0.40816326530612246,0.17114914425427857,0.14793577981651376,0.7735262773061885
474_UCR_id_172_Environment_tr_2046_1st_6520.csv,7.78471827507019,0.6647957912663796,0.9987311070261438,0.7023605255876956,0.9992040780700868,0.7499953125292966,0.5853658536585366,0.5853658536585361,0.5853658536585366,0.9985273453818135
495_UCR_id_193_Environment_tr_2046_1st_6520.csv,7.815833806991577,0.7450568508721281,0.9992289624183007,0.8038133720527538,0.9995468814582109,0.7586158383187769,0.5853658536585366,0.5853658536585361,0.5853658536585366,0.9985273453818135
496_UCR_id_194_Environment_tr_2046_1st_5391.csv,8.137719869613647,1.0,1.0,1.0,1.0,0.9999950000249999,0.030303030303030304,0.030303030303030273,0.0909090909090909,0.9169842665884878
499_UCR_id_197_Environment_tr_2046_1st_5703.csv,6.974301099777222,0.9909075616412572,0.9999744689542484,0.8105958952943887,0.9996169580017868,0.979586838842659,0.4485981308411215,0.4485981308411211,0.3157894736842105,0.8217346048360039
504_UCR_id_202_Environment_tr_2046_1st_5549.csv,7.2000250816345215,0.9948560675716832,0.9999692723697149,0.9536830163689477,0.9998120659251488,0.969067165505652,0.8648648648648649,0.8648648648648642,0.8648648648648648,0.9991798815729576
506_UCR_id_204_Environment_tr_2046_1st_5549.csv,11.86677074432373,0.9970812473925742,0.9999820755490002,0.9552559396963577,0.9998184480378377,0.9696919743140717,0.9795918367346939,0.9787234042553186,0.9624819624819625,0.9998676129595365
313_UCR_id_11_Sensor_tr_2827_1st_4711.csv,5.401808977127075,0.8908163265306123,0.9990633363068689,0.9785046421396593,0.9998192793512459,0.9285664285983515,0.9655172413793104,0.9629629629629625,0.935659760087241,0.9996461722950835
316_UCR_id_14_Sensor_tr_2833_1st_5988.csv,7.178744792938232,0.6062480685844029,0.9975563973581385,0.867427624541599,0.9992208173325502,0.8119609580975383,0.8508771929824561,0.7571428571428567,0.4399092970521542,0.9974778267555462
339_UCR_id_37_Sensor_tr_2750_1st_5400.csv,9.88601803779602,0.9894235099019784,0.9998115740740741,0.9944667659252506,0.9999310048090023,0.9732310133395665,1.0,0.9999999999999996,0.9691706469821972,0.9996885393861265
344_UCR_id_42_Sensor_tr_2851_1st_5365.csv,10.733650207519531,0.003673655885359955,0.8139935036432271,0.096620272549253,0.939262807235482,0.013209908403551922,0.01440922190201729,0.01285347043701798,0.0067198071791340274,0.9592094712719914
364_UCR_id_62_Sensor_tr_2833_1st_5988.csv,18.4721360206604,0.6347169046670232,0.9966004244079527,0.6999972062168105,0.9978556746741977,0.6830940937114252,0.8398268398268398,0.7039999999999995,0.3003095975232198,0.9720726934614213
369_UCR_id_67_Sensor_tr_2750_1st_5400.csv,10.044557809829712,0.9878515128525938,0.9997819444444443,0.9940084849079851,0.9999236567174119,0.9633201858210856,1.0,0.9999999999999996,0.9433962264150945,0.999671710443154
373_UCR_id_71_Sensor_tr_2827_1st_5988.csv,10.213772058486938,0.09266404051637964,0.9612687097631468,0.12753222212201692,0.9653202057270305,0.257140469777267,0.3803921568627451,0.2519480519480517,0.26649136142325947,0.7886342499597538
405_UCR_id_103_Sensor_tr_2827_1st_5988.csv,10.144996166229248,0.6076286365036863,0.9951961760678715,0.6378322667458983,0.9972149429007655,0.756297691931124,0.8899082568807339,0.8399999999999995,0.45561357702349875,0.8790112584305035
417_UCR_id_115_Sensor_tr_2750_1st_5400.csv,7.428390979766846,0.9441726152450578,0.9993222222222221,0.985541597482539,0.9998409915859828,0.9345744606781066,0.9876543209876543,0.9710982658959532,0.9009009009009009,0.9991370453080919
426_UCR_id_124_Sensor_tr_2827_1st_4711.csv,17.55351495742798,0.3581087454983931,0.991913197036174,0.6071131448371253,0.9961150085076473,0.5568141638977946,0.9849246231155779,0.6666666666666662,0.5568181818181818,0.9949777439842619
449_UCR_id_147_Sensor_tr_2847_1st_9330.csv,9.711621046066284,0.9149999999999999,0.9997275443838988,0.4512202219019601,0.9988902902977449,0.8999950000277777,0.15873015873015872,0.15873015873015858,0.08849557522123894,0.9945710208353148
493_UCR_id_191_Sensor_tr_2847_1st_9330.csv,9.317545890808105,0.844566792234135,0.9997099666022148,0.4358885353291359,0.9988593249116037,0.823524567502544,0.15873015873015872,0.15873015873015858,0.04504504504504504,0.9855353265408379
526_UCR_id_224_Sensor_tr_2827_1st_4711.csv,10.7932710647583,0.4465651217124263,0.9944214349432904,0.567288154545166,0.9962614271731656,0.6405185219656022,0.7903225806451613,0.6194690265486721,0.3673369896404632,0.9947793701231411
531_SMAP_id_1_Sensor_tr_1811_1st_4510.csv,1.985459327697754,0.7414635385748896,0.9964426243918078,0.8783623577982163,0.9985166165777748,0.7902391224560397,0.7980295566502463,0.7105263157894731,0.5126353790613718,0.9941194750105472
532_SMAP_id_2_Sensor_tr_2075_1st_5550.csv,2.8558032512664795,0.567152606100171,0.9688933392241152,0.572823534818263,0.971142960380946,0.5645396734386681,1.0,0.9999999999999996,0.4344335414808207,0.9947535069331425
533_SMAP_id_3_Sensor_tr_2052_1st_5300.csv,2.6314311027526855,0.9879091460426176,0.9963017490832717,0.9906331017414004,0.9977889045527014,0.9549168080458043,1.0,0.9999999999999996,0.44431232659532305,0.9995675021090143
534_SMAP_id_4_Sensor_tr_1968_1st_4370.csv,2.4535601139068604,0.7393665158371041,0.9967516598867592,0.8357089590905153,0.9979468273545278,0.7857095153350855,1.0,0.9999999999999996,0.8356164383561645,0.999596424621087
536_SMAP_id_6_Sensor_tr_2160_1st_5600.csv,2.9797658920288086,0.9398466164373684,0.9990915299516836,0.9740040807256733,0.9997486870383443,0.8777728524967721,0.346483704974271,0.3464837049742707,0.34648370497427106,0.9864838718862728
537_SMAP_id_7_Sensor_tr_2077_1st_5394.csv,2.2287709712982178,0.7952560649742695,0.97596568311756,0.843211403387802,0.986719920780963,0.783668577373312,1.0,0.9999999999999996,0.4731829573934837,0.9984966819504948
538_SMAP_id_8_Sensor_tr_2007_1st_3650.csv,2.906360149383545,0.963173211709627,0.9985562139053478,0.9655510216154478,0.9989260355561058,0.8744720610911094,1.0,0.9999999999999996,0.8853424978590326,0.9986739441235618
539_SMAP_id_9_Sensor_tr_1857_1st_4270.csv,2.5937459468841553,0.9354117702719438,0.9997086104499855,0.9948561893126813,0.999976648712371,0.9516079045527922,0.9457364341085271,0.9457364341085267,0.9457364341085273,0.9995287781891614
540_SMAP_id_10_Sensor_tr_2051_1st_4575.csv,3.25917387008667,0.8963088028247888,0.9976587861892521,0.9529526244212132,0.9991150837200267,0.8541616715786902,0.643598615916955,0.6435986159169546,0.643598615916955,0.9906536073033848
541_SMAP_id_11_Sensor_tr_1832_1st_5300.csv,2.3340799808502197,0.21887992928649297,0.8636375723833045,0.23697418191048136,0.8643755856343264,0.34807082682254803,0.9304257528556594,0.6267281105990778,0.2693285859613428,0.9535776401042446
542_SMAP_id_12_Sensor_tr_1908_1st_4690.csv,2.4606401920318604,0.43216865591539544,0.9810593682495088,0.32920875549293305,0.9908831171504849,0.4999954253890767,0.9538461538461539,0.8571428571428567,0.46366782006920415,0.9939218937636787
544_SMAP_id_14_Sensor_tr_1978_1st_4450.csv,2.8178062438964844,0.9179271141590319,0.9983160784775549,0.9585647462716042,0.9993773826318706,0.8412649121603997,0.5401459854014599,0.5401459854014594,0.5401459854014599,0.9908658525700144
545_SMAP_id_15_Sensor_tr_1173_1st_2750.csv,1.7842979431152344,0.8392464924753947,0.9910704479982427,0.9598965134538804,0.9983308636808177,0.8912994069272007,0.3269230769230769,0.30363036303630336,0.2997573656845754,0.9764950049799083
546_SMAP_id_16_Sensor_tr_2117_1st_4770.csv,3.134683132171631,0.34787326114101147,0.9212356500493017,0.3800435859442828,0.9463324425830589,0.40522545006758864,0.4888888888888889,0.3722084367245654,0.2213110445250486,0.7977879489133796
547_SMAP_id_17_Sensor_tr_2133_1st_5400.csv,2.9861741065979004,0.41159793829637936,0.7877062460285101,0.4126321884751165,0.7989702586509728,0.43329121017417754,0.975724353954581,0.8634361233480171,0.46743032997093525,0.9179077450118495
548_SMAP_id_18_Sensor_tr_2094_1st_5600.csv,3.1856987476348877,0.4128339140534263,0.9964987490306817,0.7209114127298257,0.9985347120312663,0.5616397964261216,0.34893617021276596,0.3489361702127657,0.34893617021276596,0.9944248995163785
549_SMAP_id_19_Sensor_tr_1998_1st_2098.csv,2.901787757873535,0.42597831609188974,0.9852564932542663,0.6552021223770184,0.9919242918781648,0.6022871165859446,0.64,0.5993485342019539,0.6303151263779957,0.9885506629288356
550_SWaT_id_1_Sensor_tr_43700_1st_43800.csv,62.52988004684448,0.9999999999999997,0.8339507216954699,0.6826293510168725,0.8288729401362875,0.9999950000249999,0.9367422503150675,0.8389241682501686,0.18464126995074928,0.7476253666328257
551_YAHOO_id_1_Synthetic_tr_500_1st_893.csv,1.345301866531372,0.5,0.9996478873239437,0.9801187258200047,0.9999859967379339,0.6666622222518517,0.6666666666666666,0.6666666666666662,0.6666666666666666,0.999648011263639
552_YAHOO_id_2_Synthetic_tr_500_1st_893.csv,1.0097057819366455,0.5,0.9996478873239437,0.5,0.999647887323945,0.6666622222518517,0.125,0.12499999999999988,0.07999999999999999,0.7549649532710275
555_YAHOO_id_5_WebService_tr_500_1st_730.csv,0.7972979545593262,0.5178571428571428,0.9986575178997614,0.9244537261238416,0.9998067291934862,0.7272680992030051,0.38095238095238093,0.3809523809523806,0.3561643835616438,0.8881979014896547
558_YAHOO_id_8_WebService_tr_500_1st_1125.csv,0.800544023513794,0.5319985725704128,0.9546306607275427,0.46125490646434436,0.9316595106342779,0.5435849047110562,0.9753086419753086,0.6060606060606056,0.3800063729686162,0.8079881588868995
562_YAHOO_id_12_Synthetic_tr_500_1st_893.csv,0.8630778789520264,0.5,0.9996478873239437,0.9694927360888818,0.9999785126720605,0.6666622222518517,0.5,0.4999999999999996,0.5,0.9992957746478869
570_YAHOO_id_20_Synthetic_tr_500_1st_658.csv,0.8003640174865723,0.6791666666666667,0.9993824982357093,0.9884395322298232,0.9999701159939983,0.8888839506447186,0.8,0.7999999999999995,0.8571428571428571,0.9994178148651266
571_YAHOO_id_21_Synthetic_tr_500_1st_623.csv,1.137526035308838,0.9395773979107312,0.9995278564683663,0.9876505226811771,0.9999321950120615,0.8888838889170136,0.8181818181818182,0.8181818181818177,0.823529411764706,0.9975000526346108
579_YAHOO_id_29_WebService_tr_500_1st_1342.csv,0.9328839778900146,1.0,1.0,1.0,1.0,0.9999950000249999,0.1111111111111111,0.111111111111111,0.05405405405405406,0.855241798104094
603_YAHOO_id_53_Synthetic_tr_500_1st_893.csv,0.8375017642974854,0.5,0.9996478873239437,0.7389628765898711,0.9998161593087431,0.6666622222518517,0.6666666666666666,0.6666666666666662,0.6666666666666666,0.999648011263639
644_YAHOO_id_94_WebService_tr_500_1st_1078.csv,0.762955904006958,0.8864238868875511,0.9944117647058823,0.9279185010386787,0.9964317335521404,0.8606011019569456,0.9426751592356688,0.881987577639751,0.4522761545751241,0.9652663899963542
645_YAHOO_id_95_WebService_tr_500_1st_1047.csv,0.6988379955291748,1.0,1.0,1.0,1.0,0.9999950000249999,0.1111111111111111,0.111111111111111,0.028169014084507046,0.8169259128849853
649_YAHOO_id_99_WebService_tr_500_1st_1386.csv,0.9331138134002686,0.3333333333333333,0.9988088147706968,0.957683415793834,0.9999288522006385,0.49999625002812476,0.5,0.4999999999999996,0.5,0.9994044073853479
657_YAHOO_id_107_WebService_tr_500_1st_1260.csv,1.0979299545288086,0.125,0.995135510771369,0.3669632050723404,0.9965048571317794,0.22222024693113837,0.2222222222222222,0.22222222222222202,0.2222222222222222,0.9982628019323666
658_YAHOO_id_108_Synthetic_tr_500_1st_893.csv,0.8540298938751221,0.5,0.9996478873239437,0.9829292991166358,0.9999879763050107,0.6666622222518517,0.5,0.4999999999999996,0.5,0.9992957746478869
672_YAHOO_id_122_WebService_tr_500_1st_857.csv,0.6365499496459961,1.0,1.0,1.0,1.0,0.9999950000249999,0.1111111111111111,0.111111111111111,0.1111111111111111,0.6665470647236781
680_YAHOO_id_130_Synthetic_tr_500_1st_893.csv,0.9520399570465088,0.5,0.9996478873239437,0.9677174495356158,0.9999772623135819,0.6666622222518517,0.6666666666666666,0.6666666666666662,0.6666666666666666,0.9992957746478869
689_YAHOO_id_139_WebService_tr_500_1st_1073.csv,0.6469681262969971,0.5,0.9994044073853484,0.7598668616876542,0.9995311346996154,0.6666622222518517,0.1111111111111111,0.111111111111111,0.04081632653061225,0.7767295934210661
693_YAHOO_id_143_WebService_tr_500_1st_1003.csv,0.9610261917114258,0.25280898876404495,0.875438596491228,0.4304542619978665,0.8774608705026979,0.49999500004999947,0.4,0.3999999999999995,0.4,0.769692435848347
701_YAHOO_id_151_Synthetic_tr_500_1st_893.csv,1.046982765197754,0.5,0.9996478873239437,0.9859478048442406,0.9999901023358762,0.6666622222518517,0.6666666666666666,0.6666666666666662,0.6666666666666666,0.999648011263639
723_YAHOO_id_173_WebService_tr_500_1st_1214.csv,0.7065153121948242,0.11513157894736842,0.9915373765867419,0.8383181756548723,0.9989949228569376,0.1999968000511992,0.2,0.19999999999999968,0.2,0.9485608277307385
724_YAHOO_id_174_WebService_tr_500_1st_1030.csv,0.5688560009002686,0.5787301587301588,0.998686567164179,0.8534586239156863,0.9994379242990226,0.7142811224784984,0.45454545454545453,0.45454545454545414,0.49372384937238495,0.9086914960927367
734_YAHOO_id_184_WebService_tr_500_1st_768.csv,0.9070971012115479,0.982181506221969,0.9973943669747055,0.9967759312404664,0.9995582907789814,0.9656602393929453,1.0,0.9999999999999996,0.95943783018412,0.9973566541760988
741_YAHOO_id_191_WebService_tr_500_1st_1114.csv,0.6307601928710938,0.8333333333333333,0.9997020262216925,0.9030417951347925,0.999797643334226,0.7999952000287999,0.21052631578947367,0.21052631578947348,0.10276679841897234,0.8617273567064002
755_YAHOO_id_205_Synthetic_tr_500_1st_893.csv,1.1152210235595703,0.5,0.9996478873239437,0.9692822350041752,0.9999783644131388,0.6666622222518517,0.5,0.4999999999999996,0.5,0.9992957746478869
762_YAHOO_id_212_WebService_tr_500_1st_1055.csv,0.6328399181365967,0.375,0.9979141835518475,0.5437751311284993,0.9979367700625936,0.49999500004999947,0.21052631578947367,0.21052631578947348,0.25,0.9287502214689138
780_YAHOO_id_230_Synthetic_tr_500_1st_893.csv,0.6858789920806885,0.5,0.9996478873239437,0.5350030899428133,0.9996725349869998,0.6666622222518517,0.125,0.12499999999999988,0.07999999999999999,0.8009450679267568
788_YAHOO_id_238_WebService_tr_500_1st_973.csv,0.6427478790283203,1.0,1.0,1.0,1.0,0.9999950000249999,0.1111111111111111,0.111111111111111,0.06060606060606061,0.666630898637462
797_YAHOO_id_247_Synthetic_tr_500_1st_893.csv,0.9748439788818359,0.5,0.9996478873239437,0.6335253584395365,0.999741911761173,0.6666622222518517,0.11764705882352941,0.11764705882352929,0.2857142857142857,0.9197510334014344
806_YAHOO_id_256_Synthetic_tr_500_1st_893.csv,0.8245382308959961,0.5,0.9996478873239437,0.9544781595742812,0.9999679378091438,0.6666622222518517,0.5,0.4999999999999996,0.6666666666666666,0.998943289890806
807_YAHOO_id_257_WebService_tr_500_1st_1210.csv,0.9557530879974365,0.25357790027444854,0.9623730089050545,0.5912601609670196,0.9823593319365085,0.32257569206356707,0.35714285714285715,0.46511627906976694,0.5085910652920962,0.9043219286052885
810_Exathlon_id_1_Facility_tr_10766_1st_12590.csv,11.600135326385498,1.0,0.9998452848410775,0.9986092769463429,0.9998424219699273,0.9999950000249999,1.0,0.9999999999999996,0.9885214040503763,0.9998847279561074
811_Exathlon_id_2_Facility_tr_10766_1st_12590.csv,9.19519591331482,0.9999999999999999,0.999911539666187,0.9991651239923162,0.999917233597481,0.9999950000249999,1.0,0.9999999999999996,0.9518254127664983,0.999916261912651
812_Exathlon_id_3_Facility_tr_10766_1st_12590.csv,2.6399717330932617,1.0,0.9985204156239719,0.9901156105287284,0.9985947319455876,0.9999950000249999,1.0,0.9999999999999996,0.7135671589989493,0.999677597608376
814_Exathlon_id_5_Facility_tr_10766_1st_12590.csv,1.3760840892791748,0.9999999999999999,0.999911539666187,0.9991651239923162,0.999917233597481,0.9999950000249999,1.0,0.9999999999999996,0.9518254127664983,0.999916261912651
815_Exathlon_id_6_Facility_tr_10766_1st_12590.csv,1.525151014328003,1.0,0.9985204156239719,0.9901156105287284,0.9985947319455876,0.9999950000249999,1.0,0.9999999999999996,0.7135671589989493,0.999677597608376
816_Exathlon_id_7_Facility_tr_10766_1st_12590.csv,2.6282830238342285,1.0,0.9562592316543039,0.7566168758466951,0.9565341143422293,0.9999950000249999,1.0,0.9999999999999996,0.6757143910952395,0.9800031568515519
817_Exathlon_id_8_Facility_tr_10766_1st_12590.csv,9.608173131942749,1.0,0.980337447286295,0.7978911684535891,0.9806075602094668,0.9999950000249999,0.9913392287355274,0.9252295583734145,0.34058329302910834,0.9652149007289126
818_Exathlon_id_9_Facility_tr_11665_1st_13484.csv,10.246363878250122,0.9994004597227251,0.9999588979996891,0.9985839454466481,0.9999452452385968,0.9886430911014844,1.0,0.9999999999999996,0.9838581163797709,0.9998617207611931
819_Exathlon_id_10_Facility_tr_10766_1st_12590.csv,2.7413313388824463,1.0,0.9995490370583352,0.9921499677989583,0.999539025256088,0.9999950000249999,0.9994485294117647,0.9974326059050059,0.8384418857016216,0.9987402315758568
820_Exathlon_id_11_Facility_tr_11665_1st_13484.csv,3.3063132762908936,0.9679286353313173,0.9982536921357559,0.9627751775372458,0.998277881582404,0.965488911164629,0.9891891891891892,0.9808805472724078,0.7398817773143391,0.9985040902146325
821_Exathlon_id_12_Facility_tr_6985_1st_7085.csv,2.153554916381836,1.0000000000000002,0.9834485817584281,0.8199689809051266,0.9838690244808801,0.9999950000249999,0.9965113892879129,0.9277837068658835,0.5127437850673335,0.9812184271829218
822_Exathlon_id_13_Facility_tr_10766_1st_12590.csv,1.5948150157928467,1.0,0.980337447286295,0.7978911684535891,0.9806075602094668,0.9999950000249999,0.9913392287355274,0.9252295583734145,0.34058329302910834,0.9652149007289126
823_Exathlon_id_14_Facility_tr_10766_1st_12590.csv,2.7022790908813477,1.0,0.999962617712841,0.9997121572534887,0.9999702186637248,0.9999950000249999,1.0,0.9999999999999996,0.9976730553523119,0.999996618740998
824_Exathlon_id_15_Facility_tr_10766_1st_12590.csv,5.022755146026611,1.0,0.9953342012886497,0.9832961927058205,0.9955127959104267,0.9999950000249999,1.0,0.9999999999999996,0.902058025016581,0.9992502790506541
826_Exathlon_id_17_Facility_tr_11665_1st_13484.csv,2.869823932647705,0.9679286353313173,0.9982536921357559,0.9627751775372458,0.998277881582404,0.965488911164629,0.9891891891891892,0.9808805472724078,0.7398817773143391,0.9985040902146325
827_Exathlon_id_18_Facility_tr_10766_1st_12590.csv,4.029216051101685,1.0,0.9953342012886497,0.9832961927058205,0.9955127959104267,0.9999950000249999,1.0,0.9999999999999996,0.902058025016581,0.9992502790506541
828_Exathlon_id_19_Facility_tr_11663_1st_13482.csv,3.7018277645111084,0.7961975569316599,0.9769017792373969,0.812617224610598,0.9777052138698297,0.8034713352565493,0.9930941552972882,0.9810635538261991,0.629283774712673,0.9972861815662484
829_Exathlon_id_20_Facility_tr_10766_1st_12590.csv,2.7665669918060303,1.0,0.9562592316543039,0.7566168758466951,0.9565341143422293,0.9999950000249999,1.0,0.9999999999999996,0.6757143910952395,0.9800031568515519
830_Exathlon_id_21_Facility_tr_10766_1st_12590.csv,2.8532869815826416,0.9816374191967452,0.9973717827753028,0.9816696987790919,0.9974699697435409,0.9674783778399303,1.0,0.9999999999999996,0.7236344907692333,0.998436352427322
831_Exathlon_id_22_Facility_tr_11665_1st_13484.csv,2.904036045074463,0.9679286353313173,0.9982536921357559,0.9627751775372458,0.998277881582404,0.965488911164629,0.9891891891891892,0.9808805472724078,0.7398817773143391,0.9985040902146325
832_Exathlon_id_23_Facility_tr_10766_1st_12590.csv,3.709853410720825,1.0,0.9562592316543039,0.7566168758466951,0.9565341143422293,0.9999950000249999,1.0,0.9999999999999996,0.6757143910952395,0.9800031568515519
833_Exathlon_id_24_Facility_tr_10766_1st_12590.csv,4.81629204750061,1.0,0.9985204156239719,0.9901156105287284,0.9985947319455876,0.9999950000249999,1.0,0.9999999999999996,0.7135671589989493,0.999677597608376
834_Exathlon_id_25_Facility_tr_11665_1st_13484.csv,1.9860119819641113,0.9679286353313173,0.9982536921357559,0.9627751775372458,0.998277881582404,0.965488911164629,0.9891891891891892,0.9808805472724078,0.7398817773143391,0.9985040902146325
835_Exathlon_id_26_Facility_tr_10766_1st_12590.csv,10.181707620620728,1.0,0.9986370397572893,0.9903671863804833,0.99872560304838,0.9999950000249999,1.0,0.9999999999999996,0.7362064188445872,0.99800283019798
836_Exathlon_id_27_Facility_tr_10766_1st_12590.csv,2.226958990097046,1.0,0.9985204156239719,0.9901156105287284,0.9985947319455876,0.9999950000249999,1.0,0.9999999999999996,0.7135671589989493,0.999677597608376
837_Exathlon_id_28_Facility_tr_8898_1st_8998.csv,2.7707769870758057,1.0,0.9985700458882503,0.9945997281447037,0.9998059584212672,0.9999950000249999,0.9929820084215899,0.9925342744672182,0.9701941488602117,0.9992226023751146
838_Exathlon_id_29_Facility_tr_10766_1st_12590.csv,1.379350185394287,1.0,0.980337447286295,0.7978911684535891,0.9806075602094668,0.9999950000249999,0.9913392287355274,0.9252295583734145,0.34058329302910834,0.9652149007289126
839_Exathlon_id_30_Facility_tr_10766_1st_12590.csv,1.3569610118865967,1.0,0.9562592316543039,0.7566168758466951,0.9565341143422293,0.9999950000249999,1.0,0.9999999999999996,0.6757143910952395,0.9800031568515519
840_Exathlon_id_31_Facility_tr_10766_1st_12590.csv,1.0423612594604492,1.0,0.9953342012886497,0.9832961927058205,0.9955127959104267,0.9999950000249999,1.0,0.9999999999999996,0.902058025016581,0.9992502790506541
841_Exathlon_id_32_Facility_tr_11663_1st_13482.csv,3.2228379249572754,1.0,0.9995472697041813,0.9932364602807157,0.9995504310668163,0.9999950000249999,1.0,0.9999999999999996,0.7321488037003322,0.9999348484847099
842_OPPORTUNITY_id_1_HumanActivity_tr_7295_1st_27516.csv,7.837105989456177,0.9973264403156824,0.9999664956790978,0.9809142958239156,0.9998754925214312,0.9830458489194122,1.0,0.9999999999999996,0.9648682559598495,0.9999795428034641
843_OPPORTUNITY_id_2_HumanActivity_tr_808_1st_908.csv,1.7231481075286865,0.9753918693792456,0.9941186622752914,0.975392784162613,0.9945407626689206,0.9392515792603056,1.0,0.9999999999999996,0.9136225266362253,0.9987160971599579
844_OPPORTUNITY_id_3_HumanActivity_tr_500_1st_566.csv,3.984602928161621,0.9890635111330158,0.9992404249676897,0.9897391778564234,0.9994267205617687,0.9387906668026553,1.0,0.9999999999999996,0.9464961387742271,0.9991977795853292
845_OPPORTUNITY_id_4_HumanActivity_tr_7295_1st_27516.csv,7.624553918838501,0.9304592725181013,0.9986267429598914,0.8986736613821144,0.9985198423661704,0.9018253310755531,0.9649122807017544,0.9575971731448757,0.47997284453496264,0.9911192970250026
846_OPPORTUNITY_id_5_HumanActivity_tr_2085_1st_2185.csv,6.966872215270996,0.9661273330252498,0.9989068699398269,0.9657649566256725,0.9990211296819735,0.9518729422609661,1.0,0.9999999999999996,0.5313705932463385,0.9983929514886348
847_OPPORTUNITY_id_6_HumanActivity_tr_808_1st_908.csv,2.0050289630889893,0.7933945205942654,0.9850111683573166,0.803052485040043,0.985655372560495,0.9279881864161105,0.9866090712742981,0.9487632508833918,0.4902550152050658,0.9932065237275802
848_OPPORTUNITY_id_7_HumanActivity_tr_1477_1st_1577.csv,3.7806761264801025,0.6945196770158389,0.9935248023808909,0.7018139210477806,0.9941506846762997,0.7833462403646296,0.9134948096885813,0.8039430449068998,0.6899083214139886,0.9475904355774142
849_OPPORTUNITY_id_8_HumanActivity_tr_1100_1st_1200.csv,3.9203481674194336,0.5172782597839181,0.9788484295485874,0.5190818967921486,0.9788498130656589,0.6857913512864866,0.8,0.7479270315091205,0.3493852866319833,0.9666777686430951
850_OPPORTUNITY_id_9_HumanActivity_tr_895_1st_995.csv,2.6793248653411865,0.37217292675884955,0.9740396299688598,0.4227256248557106,0.9785150608935729,0.6329068635658949,0.8081180811808119,0.635531135531135,0.22073879924645753,0.9179881427988941
851_OPPORTUNITY_id_10_HumanActivity_tr_6213_1st_7311.csv,6.701479911804199,0.5621363786479707,0.8668606675287509,0.5823009948897484,0.8759831864639754,0.7857938217046601,0.9135673127291776,0.8894842598794368,0.2165479990179229,0.9143729887096586
853_OPPORTUNITY_id_12_HumanActivity_tr_808_1st_908.csv,2.282682180404663,0.9745682503137336,0.9982589753433205,0.9793647432130783,0.9985717759846138,0.9772677273135902,1.0,0.9999999999999996,0.4914529768999375,0.9990992318125458
854_OPPORTUNITY_id_13_HumanActivity_tr_1477_1st_1577.csv,3.3871498107910156,0.9895037287153388,0.9997790852034395,0.9900061481541805,0.9998663331159875,0.9593044972216511,0.9850746268656716,0.9832402234636866,0.7033804995504163,0.9993740796543011
855_OPPORTUNITY_id_14_HumanActivity_tr_808_1st_908.csv,2.1104929447174072,0.7568271540484155,0.9528676513702395,0.7573148096476277,0.9538897142256563,0.6915537199072398,1.0,0.9999999999999996,0.40644490644490644,0.9899329170380443
856_OPPORTUNITY_id_15_HumanActivity_tr_808_1st_908.csv,2.144737958908081,0.561852314202237,0.9301839930168726,0.5758690125821225,0.9321465363954936,0.640826870208377,0.9973799126637555,0.7554216867469874,0.3594027945480373,0.9400712943732203
857_OPPORTUNITY_id_16_HumanActivity_tr_500_1st_566.csv,3.0540239810943604,0.9273633196511759,0.9958589183206511,0.9388404830102266,0.9970348143549563,0.907126862817304,0.9626679940268791,0.9514097180563882,0.9193582757836805,0.9968156644288081
858_OPPORTUNITY_id_17_HumanActivity_tr_808_1st_908.csv,2.1988909244537354,0.9999938758320094,0.9999991149394896,0.9998792737254452,0.9999911184144731,0.9986820897415264,1.0,0.9999999999999996,0.7378426171529621,0.9999557172852254
859_OPPORTUNITY_id_18_HumanActivity_tr_895_1st_995.csv,3.5405561923980713,0.7968771732001267,0.9913773824415457,0.8033891286232123,0.99165563795961,0.8113985165935031,1.0,0.9999999999999996,0.5040983606557377,0.9979473698638343
860_OPPORTUNITY_id_19_HumanActivity_tr_808_1st_908.csv,2.11503267288208,0.9562679577837152,0.9968506228060179,0.9642974511338939,0.9974715826984156,0.9784803715583833,1.0,0.9999999999999996,0.4019031626084523,0.9932034053698583
861_OPPORTUNITY_id_20_HumanActivity_tr_2085_1st_2185.csv,7.776266098022461,0.3325508101470246,0.9421535520035723,0.33768706704661117,0.9429786987738523,0.4789190742630125,0.9402298850574713,0.6994219653179186,0.4482322068602953,0.9752064103385883
862_OPPORTUNITY_id_21_HumanActivity_tr_500_1st_566.csv,2.4958691596984863,0.9917182935052458,0.9994496302537743,0.9942843304863896,0.999708694987864,0.9538255446598071,1.0,0.9999999999999996,0.9576457381907469,0.9993384612829415
863_OPPORTUNITY_id_22_HumanActivity_tr_808_1st_908.csv,1.6620090007781982,0.7149547475246227,0.9806204937973854,0.7278599987819251,0.9807103878888965,0.9269659680507887,0.9379876796714579,0.932256617317182,0.22598199267834174,0.9673615335629041
865_OPPORTUNITY_id_24_HumanActivity_tr_2085_1st_2185.csv,7.121855974197388,0.5905993780830482,0.9815725745940881,0.6175880674339295,0.9787337527880468,0.7632225468885072,0.7982005141388174,0.771506849315068,0.44065879398165575,0.9212208150686672
866_OPPORTUNITY_id_25_HumanActivity_tr_6213_1st_7311.csv,6.70038914680481,0.8972492373789859,0.994587184656939,0.9027693560294391,0.9954586163026901,0.8303103686744366,1.0,0.9999999999999996,0.35762510503897316,0.9994421105459107
867_OPPORTUNITY_id_26_HumanActivity_tr_808_1st_908.csv,2.514678955078125,0.657305112800956,0.8457161964967093,0.6622888402756901,0.8593135005149785,0.6609718007037331,0.9960750109027475,0.9547738693467331,0.38809738503155994,0.964861397584485
868_OPPORTUNITY_id_27_HumanActivity_tr_2085_1st_2185.csv,6.798723936080933,0.7143910036129074,0.9815748621949255,0.7144496325761467,0.9874321551420427,0.7670378633241117,0.977299880525687,0.9077669902912616,0.43173431382468436,0.9554265441456496
869_OPPORTUNITY_id_28_HumanActivity_tr_500_1st_566.csv,2.7219550609588623,0.9848915823294886,0.9988056779342713,0.9924368845704569,0.999577111220063,0.931836303487787,1.0,0.9999999999999996,0.9397263767288135,0.9992406159341245
870_OPPORTUNITY_id_29_HumanActivity_tr_1477_1st_1577.csv,3.8190882205963135,0.5287752511714945,0.9847859807269401,0.5398386924283849,0.9863155659946162,0.6454419567521545,0.8969422423556059,0.6666666666666662,0.6347706471226328,0.8128149987286611
